== [2026-08-15 22:32:57] starting: 29 files -> /srv/modelstripe/qwen/Qwen3.8-27B

08/15 22:32:57 [[1;32mNOTICE[0m] Downloading 29 item(s)

08/15 22:32:57 [[1;32mNOTICE[0m] CUID#8 - Redirecting to https://huggingface.co/api/resolve-cache/models/Qwen/Qwen3.8-27B/1d4bf0f2ff6012fd82039f2fa52739d0dd7c60c0/generation_config.json?%2FQwen%2FQwen3.8-27B%2Fresolve%2Fmain%2Fgeneration_config.json=&etag=%22023756cfadf88e5bf69eefeee3e172f38c448d64%22

08/15 22:32:57 [[1;32mNOTICE[0m] CUID#7 - Redirecting to https://huggingface.co/api/resolve-cache/models/Qwen/Qwen3.8-27B/1d4bf0f2ff6012fd82039f2fa52739d0dd7c60c0/config.json?%2FQwen%2FQwen3.8-27B%2Fresolve%2Fmain%2Fconfig.json=&etag=%22706cebd746c4b6f2b1d1f892630867acfdfd3df8%22

08/15 22:32:57 [[1;32mNOTICE[0m] Download complete: /srv/modelstripe/qwen/Qwen3.8-27B/generation_config.json

08/15 22:32:57 [[1;32mNOTICE[0m] Download complete: /srv/modelstripe/qwen/Qwen3.8-27B/config.json

08/15 22:32:58 [[1;32mNOTICE[0m] CUID#9 - Redirecting to https://huggingface.co/api/resolve-cache/models/Qwen/Qwen3.8-27B/1d4bf0f2ff6012fd82039f2fa52739d0dd7c60c0/model.safetensors.index.json?%2FQwen%2FQwen3.8-27B%2Fresolve%2Fmain%2Fmodel.safetensors.index.json=&etag=%22da35e3c564457dface7d138f0b6cac284ff8958c%22

08/15 22:32:58 [[1;32mNOTICE[0m] CUID#10 - Redirecting to https://us.aws.cdn.hf.co/xet-bridge-us/6a72f2e302294c7d32dd278e/ddca7e708ff0da8902fdcef5209d5eea8bf922715733eb02f93026a37478e426?X-Xet-Cas-Uid=public&response-content-disposition=inline%3B+filename*%3DUTF-8%27%27tokenizer.json%3B+filename%3D%22tokenizer.json%22%3B&user_id=public&response-content-type=application%2Fjson&Expires=1786829577&Policy=eyJTdGF0ZW1lbnQiOlt7IlJlc291cmNlIjoiaHR0cHM6Ly91cy5hd3MuY2RuLmhmLmNvL3hldC1icmlkZ2UtdXMvNmE3MmYyZTMwMjI5NGM3ZDMyZGQyNzhlL2RkY2E3ZTcwOGZmMGRhODkwMmZkY2VmNTIwOWQ1ZWVhOGJmOTIyNzE1NzMzZWIwMmY5MzAyNmEzNzQ3OGU0MjZcXD9YLVhldC1DYXMtVWlkPXB1YmxpYyZyZXNwb25zZS1jb250ZW50LWRpc3Bvc2l0aW9uPWlubGluZSUzQitmaWxlbmFtZSUyQSUzRFVURi04JTI3JTI3dG9rZW5pemVyLmpzb24lM0IrZmlsZW5hbWUlM0QlMjJ0b2tlbml6ZXIuanNvbiUyMiUzQiZ1c2VyX2lkPXB1YmxpYyZyZXNwb25zZS1jb250ZW50LXR5cGU9YXBwbGljYXRpb24lMkZqc29uIiwiQ29uZGl0aW9uIjp7IkRhdGVMZXNzVGhhbiI6eyJFcG9jaFRpbWUiOjE3ODY4Mjk1Nzd9fX1dfQ__&Signature=MEQCIF4bQsMO-XyDDAdUltK2KGxr4gOMlUqxJScwC-olj1znAiBrKm3KEd1VibMGketuH1DhiedEY7R2Me-hr0L0AsAlMQ__&Key-Pair-Id=01KXEF4KZ1B6FV465MAWR4M21F

08/15 22:32:58 [[1;32mNOTICE[0m] Download complete: /srv/modelstripe/qwen/Qwen3.8-27B/model.safetensors.index.json
[DL:181KiB][#2026ee 0B/0B][#e1a202 0B/0B]

08/15 22:32:58 [[1;32mNOTICE[0m] CUID#11 - Redirecting to https://huggingface.co/api/resolve-cache/models/Qwen/Qwen3.8-27B/1d4bf0f2ff6012fd82039f2fa52739d0dd7c60c0/tokenizer_config.json?%2FQwen%2FQwen3.8-27B%2Fresolve%2Fmain%2Ftokenizer_config.json=&etag=%225de744b3fca2129d7186979ae47c06be33903243%22

08/15 22:32:58 [[1;32mNOTICE[0m] Download complete: /srv/modelstripe/qwen/Qwen3.8-27B/tokenizer_config.json

08/15 22:32:58 [[1;32mNOTICE[0m] CUID#12 - Redirecting to https://huggingface.co/api/resolve-cache/models/Qwen/Qwen3.8-27B/1d4bf0f2ff6012fd82039f2fa52739d0dd7c60c0/vocab.json?%2FQwen%2FQwen3.8-27B%2Fresolve%2Fmain%2Fvocab.json=&etag=%220aa0ce0658d60ac4a5d609f4eadb0e8e43514176%22
[DL:825KiB][#2026ee 0B/0B][#5f278a 1.1MiB/6.4MiB(18%)]
[DL:1.0MiB][#2026ee 48KiB/12MiB(0%)][#5f278a 2.5MiB/6.4MiB(40%)]
[DL:0.9MiB][#2026ee 64KiB/12MiB(0%)][#5f278a 3.1MiB/6.4MiB(49%)]
[DL:1.0MiB][#2026ee 624KiB/12MiB(4%)][#5f278a 4.2MiB/6.4MiB(66%)]
[DL:1.0MiB][#2026ee 640KiB/12MiB(5%)][#5f278a 5.1MiB/6.4MiB(80%)]
[DL:1.0MiB][#2026ee 1.2MiB/12MiB(10%)][#5f278a 5.7MiB/6.4MiB(90%)]

08/15 22:33:04 [[1;32mNOTICE[0m] Download complete: /srv/modelstripe/qwen/Qwen3.8-27B/vocab.json

08/15 22:33:04 [[1;32mNOTICE[0m] CUID#15 - Redirecting to https://huggingface.co/api/resolve-cache/models/Qwen/Qwen3.8-27B/1d4bf0f2ff6012fd82039f2fa52739d0dd7c60c0/merges.txt?%2FQwen%2FQwen3.8-27B%2Fresolve%2Fmain%2Fmerges.txt=&etag=%22a494e019ca1502219fd0128658b979e5f05ae8e8%22
[DL:1.1MiB][#2026ee 1.9MiB/12MiB(15%)][#514152 48KiB/3.1MiB(1%)]
[DL:1.1MiB][#2026ee 3.1MiB/12MiB(26%)][#514152 48KiB/3.1MiB(1%)]
[DL:1.1MiB][#2026ee 3.8MiB/12MiB(31%)][#514152 1.0MiB/3.1MiB(33%)]
[DL:1.2MiB][#2026ee 4.7MiB/12MiB(39%)][#514152 1.0MiB/3.1MiB(33%)]
[DL:1.0MiB][#2026ee 4.7MiB/12MiB(39%)][#514152 1.0MiB/3.1MiB(33%)]
[DL:1.2MiB][#2026ee 6.3MiB/12MiB(52%)][#514152 2.0MiB/3.1MiB(63%)]
[DL:1.1MiB][#2026ee 6.3MiB/12MiB(52%)][#514152 2.0MiB/3.1MiB(63%)]
[DL:1.1MiB][#2026ee 7.0MiB/12MiB(57%)][#514152 2.6MiB/3.1MiB(83%)]

08/15 22:33:12 [[1;32mNOTICE[0m] Download complete: /srv/modelstripe/qwen/Qwen3.8-27B/merges.txt

08/15 22:33:12 [[1;32mNOTICE[0m] CUID#16 - Redirecting to https://huggingface.co/api/resolve-cache/models/Qwen/Qwen3.8-27B/1d4bf0f2ff6012fd82039f2fa52739d0dd7c60c0/chat_template.jinja?%2FQwen%2FQwen3.8-27B%2Fresolve%2Fmain%2Fchat_template.jinja=&etag=%22c0c686f9c38d70d179fb7b5f5aa7530bc913dda3%22

08/15 22:33:13 [[1;32mNOTICE[0m] Download complete: /srv/modelstripe/qwen/Qwen3.8-27B/chat_template.jinja
[DL:1.2MiB][#2026ee 8.8MiB/12MiB(72%)][#196bff 0B/0B]

08/15 22:33:13 [[1;32mNOTICE[0m] CUID#17 - Redirecting to https://huggingface.co/api/resolve-cache/models/Qwen/Qwen3.8-27B/1d4bf0f2ff6012fd82039f2fa52739d0dd7c60c0/preprocessor_config.json?%2FQwen%2FQwen3.8-27B%2Fresolve%2Fmain%2Fpreprocessor_config.json=&etag=%222ea84a437d448ff71b08df68fdd949d5cc4ebb64%22

08/15 22:33:13 [[1;32mNOTICE[0m] Download complete: /srv/modelstripe/qwen/Qwen3.8-27B/preprocessor_config.json

08/15 22:33:13 [[1;32mNOTICE[0m] CUID#18 - Redirecting to https://huggingface.co/api/resolve-cache/models/Qwen/Qwen3.8-27B/1d4bf0f2ff6012fd82039f2fa52739d0dd7c60c0/video_preprocessor_config.json?%2FQwen%2FQwen3.8-27B%2Fresolve%2Fmain%2Fvideo_preprocessor_config.json=&etag=%223ba673a5ad7d4d13f54155ecd38b2a94a6dac8fe%22

08/15 22:33:14 [[1;32mNOTICE[0m] Download complete: /srv/modelstripe/qwen/Qwen3.8-27B/video_preprocessor_config.json

08/15 22:33:14 [[1;32mNOTICE[0m] CUID#19 - Redirecting to https://huggingface.co/api/resolve-cache/models/Qwen/Qwen3.8-27B/1d4bf0f2ff6012fd82039f2fa52739d0dd7c60c0/crc32.txt?%2FQwen%2FQwen3.8-27B%2Fresolve%2Fmain%2Fcrc32.txt=&etag=%226de5ee6a0c6596744baee911af0a5cdcb8d99a1e%22

08/15 22:33:14 [[1;32mNOTICE[0m] Download complete: /srv/modelstripe/qwen/Qwen3.8-27B/crc32.txt
[DL:1.2MiB][#2026ee 10MiB/12MiB(84%)][#0076df 0B/0B]

08/15 22:33:14 [[1;32mNOTICE[0m] CUID#20 - Redirecting to https://us.aws.cdn.hf.co/xet-bridge-us/6a72f2e302294c7d32dd278e/6026d6bb4baa574f54205e2894816127bcf444bb4f727aa76a4fd3c90e810140?user_id=public&X-Xet-Cas-Uid=public&response-content-disposition=inline%3B+filename*%3DUTF-8%27%27model-00001-of-00018.safetensors%3B+filename%3D%22model-00001-of-00018.safetensors%22%3B&Expires=1786829594&Policy=eyJTdGF0ZW1lbnQiOlt7IlJlc291cmNlIjoiaHR0cHM6Ly91cy5hd3MuY2RuLmhmLmNvL3hldC1icmlkZ2UtdXMvNmE3MmYyZTMwMjI5NGM3ZDMyZGQyNzhlLzYwMjZkNmJiNGJhYTU3NGY1NDIwNWUyODk0ODE2MTI3YmNmNDQ0YmI0ZjcyN2FhNzZhNGZkM2M5MGU4MTAxNDBcXD91c2VyX2lkPXB1YmxpYyZYLVhldC1DYXMtVWlkPXB1YmxpYyZyZXNwb25zZS1jb250ZW50LWRpc3Bvc2l0aW9uPWlubGluZSUzQitmaWxlbmFtZSUyQSUzRFVURi04JTI3JTI3bW9kZWwtMDAwMDEtb2YtMDAwMTguc2FmZXRlbnNvcnMlM0IrZmlsZW5hbWUlM0QlMjJtb2RlbC0wMDAwMS1vZi0wMDAxOC5zYWZldGVuc29ycyUyMiUzQiIsIkNvbmRpdGlvbiI6eyJEYXRlTGVzc1RoYW4iOnsiRXBvY2hUaW1lIjoxNzg2ODI5NTk0fX19XX0_&Signature=MEQCIB0%7E1S6Vh6h2b0QXxCNb2Rx0yqwwLoOwwZLDKIjBoS8lAiAZCZe5HbCMHbMNzkHYhK0LCoVxmlMQjpcMCG4Ei3EcDQ__&Key-Pair-Id=01KXEF4KZ1B6FV465MAWR4M21F
[DL:1.0MiB][#2026ee 10MiB/12MiB(84%)][#0076df 0B/0B]

08/15 22:33:16 [[1;32mNOTICE[0m] Download complete: /srv/modelstripe/qwen/Qwen3.8-27B/ddca7e708ff0da8902fdcef5209d5eea8bf922715733eb02f93026a37478e426

08/15 22:33:16 [[1;32mNOTICE[0m] CUID#22 - Redirecting to https://us.aws.cdn.hf.co/xet-bridge-us/6a72f2e302294c7d32dd278e/9c56e976ca79eb9ff5c91e64f51cdefb5f6b2651c96d8569df49033f79642d78?X-Xet-Cas-Uid=public&response-content-disposition=inline%3B+filename*%3DUTF-8%27%27model-00002-of-00018.safetensors%3B+filename%3D%22model-00002-of-00018.safetensors%22%3B&user_id=public&Expires=1786829596&Policy=eyJTdGF0ZW1lbnQiOlt7IlJlc291cmNlIjoiaHR0cHM6Ly91cy5hd3MuY2RuLmhmLmNvL3hldC1icmlkZ2UtdXMvNmE3MmYyZTMwMjI5NGM3ZDMyZGQyNzhlLzljNTZlOTc2Y2E3OWViOWZmNWM5MWU2NGY1MWNkZWZiNWY2YjI2NTFjOTZkODU2OWRmNDkwMzNmNzk2NDJkNzhcXD9YLVhldC1DYXMtVWlkPXB1YmxpYyZyZXNwb25zZS1jb250ZW50LWRpc3Bvc2l0aW9uPWlubGluZSUzQitmaWxlbmFtZSUyQSUzRFVURi04JTI3JTI3bW9kZWwtMDAwMDItb2YtMDAwMTguc2FmZXRlbnNvcnMlM0IrZmlsZW5hbWUlM0QlMjJtb2RlbC0wMDAwMi1vZi0wMDAxOC5zYWZldGVuc29ycyUyMiUzQiZ1c2VyX2lkPXB1YmxpYyIsIkNvbmRpdGlvbiI6eyJEYXRlTGVzc1RoYW4iOnsiRXBvY2hUaW1lIjoxNzg2ODI5NTk2fX19XX0_&Signature=MEYCIQCquFypDcQ4840hd2FEpMjkxeopj31WJMlQvJQk0APEeQIhAIuEFtXsZvNJ3lfLwumruAh4IIiiMJitJd0Ocy3H38oQ&Key-Pair-Id=01KXEF4KZ1B6FV465MAWR4M21F
[DL:1.0MiB][#0076df 96KiB/3.6GiB(0%)][#e161cc 0B/0B]
[DL:1.1MiB][#0076df 592KiB/3.6GiB(0%)][#e161cc 864KiB/2.8GiB(0%)]
[DL:1.0MiB][#0076df 1.2MiB/3.6GiB(0%)][#e161cc 1.4MiB/2.8GiB(0%)]
[DL:1.2MiB][#0076df 2.6MiB/3.6GiB(0%)][#e161cc 2.6MiB/2.8GiB(0%)]
[DL:1.0MiB][#0076df 2.8MiB/3.6GiB(0%)][#e161cc 2.8MiB/2.8GiB(0%)]
[DL:1.1MiB][#0076df 4.0MiB/3.6GiB(0%)][#e161cc 3.9MiB/2.8GiB(0%)]
[DL:1.3MiB][#0076df 4.7MiB/3.6GiB(0%)][#e161cc 4.5MiB/2.8GiB(0%)]
[DL:1.2MiB][#0076df 4.7MiB/3.6GiB(0%)][#e161cc 4.5MiB/2.8GiB(0%)]
[DL:1.0MiB][#0076df 5.0MiB/3.6GiB(0%)][#e161cc 4.7MiB/2.8GiB(0%)]
[DL:1.2MiB][#0076df 6.0MiB/3.6GiB(0%)][#e161cc 5.8MiB/2.8GiB(0%)]
[DL:1.1MiB][#0076df 6.1MiB/3.6GiB(0%)][#e161cc 5.9MiB/2.8GiB(0%)]
[DL:1.1MiB][#0076df 6.7MiB/3.6GiB(0%)][#e161cc 6.6MiB/2.8GiB(0%)]
[DL:1.0MiB][#0076df 7.4MiB/3.6GiB(0%)][#e161cc 7.2MiB/2.8GiB(0%)]
[DL:1.2MiB][#0076df 8.5MiB/3.6GiB(0%)][#e161cc 8.3MiB/2.8GiB(0%)]
[DL:1.0MiB][#0076df 8.7MiB/3.6GiB(0%)][#e161cc 8.5MiB/2.8GiB(0%)]
[DL:1.2MiB][#0076df 9.8MiB/3.6GiB(0%)][#e161cc 9.7MiB/2.8GiB(0%)]
[DL:1.1MiB][#0076df 9.9MiB/3.6GiB(0%)][#e161cc 9.9MiB/2.8GiB(0%)]
[DL:1.2MiB][#0076df 10MiB/3.6GiB(0%)][#e161cc 10MiB/2.8GiB(0%)]
[DL:1.0MiB][#0076df 10MiB/3.6GiB(0%)][#e161cc 10MiB/2.8GiB(0%)]
[DL:1.2MiB][#0076df 11MiB/3.6GiB(0%)][#e161cc 11MiB/2.8GiB(0%)]
[DL:1.1MiB][#0076df 12MiB/3.6GiB(0%)][#e161cc 12MiB/2.8GiB(0%)]
[DL:1.1MiB][#0076df 12MiB/3.6GiB(0%)][#e161cc 12MiB/2.8GiB(0%)]
[DL:1.0MiB][#0076df 13MiB/3.6GiB(0%)][#e161cc 13MiB/2.8GiB(0%)]
[DL:1.2MiB][#0076df 14MiB/3.6GiB(0%)][#e161cc 14MiB/2.8GiB(0%)]
[DL:1.0MiB][#0076df 14MiB/3.6GiB(0%)][#e161cc 14MiB/2.8GiB(0%)]
[DL:1.2MiB][#0076df 15MiB/3.6GiB(0%)][#e161cc 15MiB/2.8GiB(0%)]
[DL:1.1MiB][#0076df 15MiB/3.6GiB(0%)][#e161cc 15MiB/2.8GiB(0%)]
[DL:1.2MiB][#0076df 16MiB/3.6GiB(0%)][#e161cc 16MiB/2.8GiB(0%)]
[DL:1.0MiB][#0076df 16MiB/3.6GiB(0%)][#e161cc 16MiB/2.8GiB(0%)]
[DL:1.2MiB][#0076df 17MiB/3.6GiB(0%)][#e161cc 17MiB/2.8GiB(0%)]
[DL:1.1MiB][#0076df 17MiB/3.6GiB(0%)][#e161cc 17MiB/2.8GiB(0%)]
[DL:1.1MiB][#0076df 18MiB/3.6GiB(0%)][#e161cc 18MiB/2.8GiB(0%)]
[DL:1.0MiB][#0076df 19MiB/3.6GiB(0%)][#e161cc 19MiB/2.8GiB(0%)]
[DL:1.2MiB][#0076df 20MiB/3.6GiB(0%)][#e161cc 20MiB/2.8GiB(0%)]
[DL:1.0MiB][#0076df 20MiB/3.6GiB(0%)][#e161cc 20MiB/2.8GiB(0%)]
[DL:1.2MiB][#0076df 21MiB/3.6GiB(0%)][#e161cc 21MiB/2.8GiB(0%)]
[DL:1.1MiB][#0076df 21MiB/3.6GiB(0%)][#e161cc 21MiB/2.8GiB(0%)]
[DL:1.2MiB][#0076df 22MiB/3.6GiB(0%)][#e161cc 22MiB/2.8GiB(0%)]
[DL:1.0MiB][#0076df 22MiB/3.6GiB(0%)][#e161cc 22MiB/2.8GiB(0%)]
[DL:1.2MiB][#0076df 23MiB/3.6GiB(0%)][#e161cc 23MiB/2.8GiB(0%)]
[DL:1.1MiB][#0076df 23MiB/3.6GiB(0%)][#e161cc 23MiB/2.8GiB(0%)]
[DL:1.1MiB][#0076df 24MiB/3.6GiB(0%)][#e161cc 24MiB/2.8GiB(0%)]
[DL:1.0MiB][#0076df 24MiB/3.6GiB(0%)][#e161cc 24MiB/2.8GiB(0%)]
[DL:1.2MiB][#0076df 26MiB/3.6GiB(0%)][#e161cc 25MiB/2.8GiB(0%)]
[DL:1.0MiB][#0076df 26MiB/3.6GiB(0%)][#e161cc 26MiB/2.8GiB(0%)]
[DL:1.2MiB][#0076df 27MiB/3.6GiB(0%)][#e161cc 27MiB/2.8GiB(0%)]
[DL:1.1MiB][#0076df 27MiB/3.6GiB(0%)][#e161cc 27MiB/2.8GiB(0%)]
[DL:1.2MiB][#0076df 27MiB/3.6GiB(0%)][#e161cc 27MiB/2.8GiB(0%)]
[DL:1.0MiB][#0076df 28MiB/3.6GiB(0%)][#e161cc 28MiB/2.8GiB(0%)]
[DL:1.2MiB][#0076df 29MiB/3.6GiB(0%)][#e161cc 29MiB/2.8GiB(1%)]
[DL:1.1MiB][#0076df 29MiB/3.6GiB(0%)][#e161cc 29MiB/2.8GiB(1%)]
[DL:1.1MiB][#0076df 30MiB/3.6GiB(0%)][#e161cc 29MiB/2.8GiB(1%)]
[DL:1.0MiB][#0076df 30MiB/3.6GiB(0%)][#e161cc 30MiB/2.8GiB(1%)]
[DL:1.2MiB][#0076df 31MiB/3.6GiB(0%)][#e161cc 31MiB/2.8GiB(1%)]
[DL:1.0MiB][#0076df 32MiB/3.6GiB(0%)][#e161cc 31MiB/2.8GiB(1%)]
[DL:1.2MiB][#0076df 33MiB/3.6GiB(0%)][#e161cc 32MiB/2.8GiB(1%)]
[DL:1.1MiB][#0076df 33MiB/3.6GiB(0%)][#e161cc 32MiB/2.8GiB(1%)]
[DL:1.2MiB][#0076df 33MiB/3.6GiB(0%)][#e161cc 33MiB/2.8GiB(1%)]
[DL:1.0MiB][#0076df 34MiB/3.6GiB(0%)][#e161cc 33MiB/2.8GiB(1%)]
[DL:1.2MiB][#0076df 35MiB/3.6GiB(0%)][#e161cc 34MiB/2.8GiB(1%)]
[DL:1.1MiB][#0076df 35MiB/3.6GiB(0%)][#e161cc 34MiB/2.8GiB(1%)]
[DL:1.1MiB][#0076df 35MiB/3.6GiB(0%)][#e161cc 35MiB/2.8GiB(1%)]
[DL:1.0MiB][#0076df 36MiB/3.6GiB(0%)][#e161cc 36MiB/2.8GiB(1%)]
[DL:1.2MiB][#0076df 37MiB/3.6GiB(0%)][#e161cc 37MiB/2.8GiB(1%)]
[DL:1.0MiB][#0076df 37MiB/3.6GiB(1%)][#e161cc 37MiB/2.8GiB(1%)]
[DL:1.2MiB][#0076df 38MiB/3.6GiB(1%)][#e161cc 38MiB/2.8GiB(1%)]
[DL:1.1MiB][#0076df 38MiB/3.6GiB(1%)][#e161cc 38MiB/2.8GiB(1%)]
[DL:1.2MiB][#0076df 39MiB/3.6GiB(1%)][#e161cc 39MiB/2.8GiB(1%)]
[DL:1.0MiB][#0076df 39MiB/3.6GiB(1%)][#e161cc 39MiB/2.8GiB(1%)]
[DL:1.2MiB][#0076df 40MiB/3.6GiB(1%)][#e161cc 40MiB/2.8GiB(1%)]
[DL:1.1MiB][#0076df 41MiB/3.6GiB(1%)][#e161cc 40MiB/2.8GiB(1%)]
[DL:1.1MiB][#0076df 41MiB/3.6GiB(1%)][#e161cc 41MiB/2.8GiB(1%)]
[DL:1.0MiB][#0076df 42MiB/3.6GiB(1%)][#e161cc 41MiB/2.8GiB(1%)]
[DL:1.2MiB][#0076df 43MiB/3.6GiB(1%)][#e161cc 42MiB/2.8GiB(1%)]
[DL:1.0MiB][#0076df 43MiB/3.6GiB(1%)][#e161cc 43MiB/2.8GiB(1%)]
[DL:1.2MiB][#0076df 44MiB/3.6GiB(1%)][#e161cc 44MiB/2.8GiB(1%)]
[DL:1.1MiB][#0076df 44MiB/3.6GiB(1%)][#e161cc 44MiB/2.8GiB(1%)]
[DL:1.2MiB][#0076df 45MiB/3.6GiB(1%)][#e161cc 44MiB/2.8GiB(1%)]
[DL:1.0MiB][#0076df 45MiB/3.6GiB(1%)][#e161cc 45MiB/2.8GiB(1%)]
[DL:1.2MiB][#0076df 46MiB/3.6GiB(1%)][#e161cc 46MiB/2.8GiB(1%)]
[DL:1.1MiB][#0076df 46MiB/3.6GiB(1%)][#e161cc 46MiB/2.8GiB(1%)]
[DL:1.1MiB][#0076df 47MiB/3.6GiB(1%)][#e161cc 47MiB/2.8GiB(1%)]
[DL:1.0MiB][#0076df 48MiB/3.6GiB(1%)][#e161cc 47MiB/2.8GiB(1%)]
[DL:1.2MiB][#0076df 49MiB/3.6GiB(1%)][#e161cc 48MiB/2.8GiB(1%)]
[DL:1.0MiB][#0076df 49MiB/3.6GiB(1%)][#e161cc 48MiB/2.8GiB(1%)]
[DL:1.2MiB][#0076df 50MiB/3.6GiB(1%)][#e161cc 49MiB/2.8GiB(1%)]
[DL:1.1MiB][#0076df 50MiB/3.6GiB(1%)][#e161cc 50MiB/2.8GiB(1%)]
[DL:1.2MiB][#0076df 51MiB/3.6GiB(1%)][#e161cc 50MiB/2.8GiB(1%)]
[DL:1.0MiB][#0076df 51MiB/3.6GiB(1%)][#e161cc 50MiB/2.8GiB(1%)]
[DL:1.2MiB][#0076df 52MiB/3.6GiB(1%)][#e161cc 51MiB/2.8GiB(1%)]
[DL:1.1MiB][#0076df 52MiB/3.6GiB(1%)][#e161cc 52MiB/2.8GiB(1%)]
[DL:1.1MiB][#0076df 53MiB/3.6GiB(1%)][#e161cc 52MiB/2.8GiB(1%)]
[DL:1.0MiB][#0076df 53MiB/3.6GiB(1%)][#e161cc 53MiB/2.8GiB(1%)]
[DL:1.2MiB][#0076df 54MiB/3.6GiB(1%)][#e161cc 54MiB/2.8GiB(1%)]
[DL:1.0MiB][#0076df 55MiB/3.6GiB(1%)][#e161cc 54MiB/2.8GiB(1%)]
[DL:1.2MiB][#0076df 56MiB/3.6GiB(1%)][#e161cc 55MiB/2.8GiB(1%)]
[DL:1.1MiB][#0076df 56MiB/3.6GiB(1%)][#e161cc 55MiB/2.8GiB(1%)]
[DL:1.2MiB][#0076df 56MiB/3.6GiB(1%)][#e161cc 56MiB/2.8GiB(1%)]
[DL:1.0MiB][#0076df 57MiB/3.6GiB(1%)][#e161cc 56MiB/2.8GiB(1%)]
[DL:1.2MiB][#0076df 58MiB/3.6GiB(1%)][#e161cc 57MiB/2.8GiB(1%)]
[DL:1.1MiB][#0076df 58MiB/3.6GiB(1%)][#e161cc 57MiB/2.8GiB(1%)]
[DL:1.1MiB][#0076df 59MiB/3.6GiB(1%)][#e161cc 58MiB/2.8GiB(2%)]
[DL:1.0MiB][#0076df 59MiB/3.6GiB(1%)][#e161cc 59MiB/2.8GiB(2%)]
[DL:1.2MiB][#0076df 60MiB/3.6GiB(1%)][#e161cc 60MiB/2.8GiB(2%)]
[DL:1.0MiB][#0076df 60MiB/3.6GiB(1%)][#e161cc 60MiB/2.8GiB(2%)]
[DL:1.2MiB][#0076df 61MiB/3.6GiB(1%)][#e161cc 61MiB/2.8GiB(2%)]
[DL:1.1MiB][#0076df 62MiB/3.6GiB(1%)][#e161cc 61MiB/2.8GiB(2%)]
[DL:1.2MiB][#0076df 62MiB/3.6GiB(1%)][#e161cc 62MiB/2.8GiB(2%)]
[DL:1.0MiB][#0076df 62MiB/3.6GiB(1%)][#e161cc 62MiB/2.8GiB(2%)]
[DL:1.2MiB][#0076df 64MiB/3.6GiB(1%)][#e161cc 63MiB/2.8GiB(2%)]
[DL:1.1MiB][#0076df 64MiB/3.6GiB(1%)][#e161cc 63MiB/2.8GiB(2%)]
[DL:1.1MiB][#0076df 64MiB/3.6GiB(1%)][#e161cc 64MiB/2.8GiB(2%)]
[DL:1.0MiB][#0076df 65MiB/3.6GiB(1%)][#e161cc 64MiB/2.8GiB(2%)]
[DL:1.2MiB][#0076df 66MiB/3.6GiB(1%)][#e161cc 65MiB/2.8GiB(2%)]
[DL:1.0MiB][#0076df 66MiB/3.6GiB(1%)][#e161cc 66MiB/2.8GiB(2%)]
[DL:1.2MiB][#0076df 67MiB/3.6GiB(1%)][#e161cc 67MiB/2.8GiB(2%)]
[DL:1.1MiB][#0076df 67MiB/3.6GiB(1%)][#e161cc 67MiB/2.8GiB(2%)]
[DL:1.2MiB][#0076df 68MiB/3.6GiB(1%)][#e161cc 67MiB/2.8GiB(2%)]
[DL:1.0MiB][#0076df 68MiB/3.6GiB(1%)][#e161cc 68MiB/2.8GiB(2%)]
[DL:1.2MiB][#0076df 69MiB/3.6GiB(1%)][#e161cc 69MiB/2.8GiB(2%)]
[DL:1.1MiB][#0076df 70MiB/3.6GiB(1%)][#e161cc 69MiB/2.8GiB(2%)]
[DL:1.1MiB][#0076df 70MiB/3.6GiB(1%)][#e161cc 69MiB/2.8GiB(2%)]
[DL:1.0MiB][#0076df 71MiB/3.6GiB(1%)][#e161cc 70MiB/2.8GiB(2%)]
[DL:1.2MiB][#0076df 72MiB/3.6GiB(1%)][#e161cc 71MiB/2.8GiB(2%)]
[DL:1.0MiB][#0076df 72MiB/3.6GiB(1%)][#e161cc 71MiB/2.8GiB(2%)]
[DL:1.2MiB][#0076df 73MiB/3.6GiB(1%)][#e161cc 72MiB/2.8GiB(2%)]
[DL:1.1MiB][#0076df 73MiB/3.6GiB(1%)][#e161cc 72MiB/2.8GiB(2%)]
[DL:1.2MiB][#0076df 74MiB/3.6GiB(1%)][#e161cc 73MiB/2.8GiB(2%)]
[DL:1.0MiB][#0076df 74MiB/3.6GiB(1%)][#e161cc 73MiB/2.8GiB(2%)]
[DL:1.2MiB][#0076df 75MiB/3.6GiB(2%)][#e161cc 74MiB/2.8GiB(2%)]
[DL:1.1MiB][#0076df 75MiB/3.6GiB(2%)][#e161cc 75MiB/2.8GiB(2%)]
[DL:1.1MiB][#0076df 76MiB/3.6GiB(2%)][#e161cc 75MiB/2.8GiB(2%)]
[DL:1.0MiB][#0076df 77MiB/3.6GiB(2%)][#e161cc 76MiB/2.8GiB(2%)]
[DL:1.2MiB][#0076df 78MiB/3.6GiB(2%)][#e161cc 77MiB/2.8GiB(2%)]
[DL:1.0MiB][#0076df 78MiB/3.6GiB(2%)][#e161cc 77MiB/2.8GiB(2%)]
[DL:1.2MiB][#0076df 79MiB/3.6GiB(2%)][#e161cc 78MiB/2.8GiB(2%)]
[DL:1.1MiB][#0076df 79MiB/3.6GiB(2%)][#e161cc 78MiB/2.8GiB(2%)]
[DL:1.2MiB][#0076df 80MiB/3.6GiB(2%)][#e161cc 79MiB/2.8GiB(2%)]
[DL:1.0MiB][#0076df 80MiB/3.6GiB(2%)][#e161cc 79MiB/2.8GiB(2%)]
[DL:1.2MiB][#0076df 81MiB/3.6GiB(2%)][#e161cc 80MiB/2.8GiB(2%)]
[DL:1.1MiB][#0076df 81MiB/3.6GiB(2%)][#e161cc 80MiB/2.8GiB(2%)]
[DL:1.1MiB][#0076df 82MiB/3.6GiB(2%)][#e161cc 81MiB/2.8GiB(2%)]
[DL:1.0MiB][#0076df 83MiB/3.6GiB(2%)][#e161cc 82MiB/2.8GiB(2%)]
[DL:1.2MiB][#0076df 84MiB/3.6GiB(2%)][#e161cc 83MiB/2.8GiB(2%)]
[DL:1.0MiB][#0076df 84MiB/3.6GiB(2%)][#e161cc 83MiB/2.8GiB(2%)]
[DL:1.2MiB][#0076df 85MiB/3.6GiB(2%)][#e161cc 84MiB/2.8GiB(2%)]
[DL:1.1MiB][#0076df 85MiB/3.6GiB(2%)][#e161cc 84MiB/2.8GiB(2%)]
[DL:1.2MiB][#0076df 86MiB/3.6GiB(2%)][#e161cc 85MiB/2.8GiB(2%)]
[DL:1.0MiB][#0076df 86MiB/3.6GiB(2%)][#e161cc 85MiB/2.8GiB(2%)]
[DL:1.2MiB][#0076df 87MiB/3.6GiB(2%)][#e161cc 86MiB/2.8GiB(2%)]
[DL:1.1MiB][#0076df 87MiB/3.6GiB(2%)][#e161cc 86MiB/2.8GiB(2%)]
[DL:1.1MiB][#0076df 88MiB/3.6GiB(2%)][#e161cc 87MiB/2.8GiB(3%)]
[DL:1.0MiB][#0076df 88MiB/3.6GiB(2%)][#e161cc 87MiB/2.8GiB(3%)]
[DL:1.2MiB][#0076df 89MiB/3.6GiB(2%)][#e161cc 88MiB/2.8GiB(3%)]
[DL:1.0MiB][#0076df 90MiB/3.6GiB(2%)][#e161cc 89MiB/2.8GiB(3%)]
[DL:1.2MiB][#0076df 91MiB/3.6GiB(2%)][#e161cc 90MiB/2.8GiB(3%)]
[DL:1.1MiB][#0076df 91MiB/3.6GiB(2%)][#e161cc 90MiB/2.8GiB(3%)]
[DL:1.2MiB][#0076df 91MiB/3.6GiB(2%)][#e161cc 90MiB/2.8GiB(3%)]
[DL:1.0MiB][#0076df 92MiB/3.6GiB(2%)][#e161cc 91MiB/2.8GiB(3%)]
[DL:1.2MiB][#0076df 93MiB/3.6GiB(2%)][#e161cc 92MiB/2.8GiB(3%)]
[DL:1.1MiB][#0076df 93MiB/3.6GiB(2%)][#e161cc 92MiB/2.8GiB(3%)]
[DL:1.1MiB][#0076df 94MiB/3.6GiB(2%)][#e161cc 92MiB/2.8GiB(3%)]
[DL:1.0MiB][#0076df 94MiB/3.6GiB(2%)][#e161cc 93MiB/2.8GiB(3%)]
[DL:1.2MiB][#0076df 95MiB/3.6GiB(2%)][#e161cc 94MiB/2.8GiB(3%)]
[DL:1.0MiB][#0076df 95MiB/3.6GiB(2%)][#e161cc 94MiB/2.8GiB(3%)]
[DL:1.2MiB][#0076df 96MiB/3.6GiB(2%)][#e161cc 95MiB/2.8GiB(3%)]
[DL:1.1MiB][#0076df 97MiB/3.6GiB(2%)][#e161cc 95MiB/2.8GiB(3%)]
[DL:1.2MiB][#0076df 97MiB/3.6GiB(2%)][#e161cc 96MiB/2.8GiB(3%)]
[DL:1.0MiB][#0076df 97MiB/3.6GiB(2%)][#e161cc 96MiB/2.8GiB(3%)]
[DL:1.2MiB][#0076df 99MiB/3.6GiB(2%)][#e161cc 97MiB/2.8GiB(3%)]
[DL:1.1MiB][#0076df 99MiB/3.6GiB(2%)][#e161cc 98MiB/2.8GiB(3%)]
[DL:1.1MiB][#0076df 99MiB/3.6GiB(2%)][#e161cc 98MiB/2.8GiB(3%)]
[DL:1.0MiB][#0076df 100MiB/3.6GiB(2%)][#e161cc 99MiB/2.8GiB(3%)]
[DL:1.2MiB][#0076df 101MiB/3.6GiB(2%)][#e161cc 100MiB/2.8GiB(3%)]
[DL:1.0MiB][#0076df 101MiB/3.6GiB(2%)][#e161cc 100MiB/2.8GiB(3%)]
[DL:1.2MiB][#0076df 102MiB/3.6GiB(2%)][#e161cc 101MiB/2.8GiB(3%)]
[DL:1.1MiB][#0076df 102MiB/3.6GiB(2%)][#e161cc 101MiB/2.8GiB(3%)]
[DL:1.2MiB][#0076df 103MiB/3.6GiB(2%)][#e161cc 102MiB/2.8GiB(3%)]
[DL:1.0MiB][#0076df 103MiB/3.6GiB(2%)][#e161cc 102MiB/2.8GiB(3%)]
[DL:1.2MiB][#0076df 104MiB/3.6GiB(2%)][#e161cc 103MiB/2.8GiB(3%)]
[DL:1.1MiB][#0076df 105MiB/3.6GiB(2%)][#e161cc 103MiB/2.8GiB(3%)]
[DL:1.1MiB][#0076df 105MiB/3.6GiB(2%)][#e161cc 104MiB/2.8GiB(3%)]
[DL:1.0MiB][#0076df 106MiB/3.6GiB(2%)][#e161cc 105MiB/2.8GiB(3%)]
[DL:1.2MiB][#0076df 107MiB/3.6GiB(2%)][#e161cc 106MiB/2.8GiB(3%)]
[DL:1.0MiB][#0076df 107MiB/3.6GiB(2%)][#e161cc 106MiB/2.8GiB(3%)]
[DL:1.2MiB][#0076df 108MiB/3.6GiB(2%)][#e161cc 107MiB/2.8GiB(3%)]
[DL:1.1MiB][#0076df 108MiB/3.6GiB(2%)][#e161cc 107MiB/2.8GiB(3%)]
[DL:1.2MiB][#0076df 109MiB/3.6GiB(2%)][#e161cc 108MiB/2.8GiB(3%)]
[DL:1.0MiB][#0076df 109MiB/3.6GiB(2%)][#e161cc 108MiB/2.8GiB(3%)]
[DL:1.2MiB][#0076df 110MiB/3.6GiB(2%)][#e161cc 109MiB/2.8GiB(3%)]
[DL:1.1MiB][#0076df 110MiB/3.6GiB(2%)][#e161cc 109MiB/2.8GiB(3%)]
[DL:1.1MiB][#0076df 111MiB/3.6GiB(2%)][#e161cc 110MiB/2.8GiB(3%)]
[DL:1.0MiB][#0076df 112MiB/3.6GiB(2%)][#e161cc 110MiB/2.8GiB(3%)]
[DL:1.2MiB][#0076df 113MiB/3.6GiB(2%)][#e161cc 111MiB/2.8GiB(3%)]
[DL:1.0MiB][#0076df 113MiB/3.6GiB(2%)][#e161cc 112MiB/2.8GiB(3%)]
[DL:1.2MiB][#0076df 114MiB/3.6GiB(3%)][#e161cc 113MiB/2.8GiB(3%)]
[DL:1.1MiB][#0076df 114MiB/3.6GiB(3%)][#e161cc 113MiB/2.8GiB(3%)]
[DL:1.2MiB][#0076df 115MiB/3.6GiB(3%)][#e161cc 113MiB/2.8GiB(3%)]
[DL:1.0MiB][#0076df 115MiB/3.6GiB(3%)][#e161cc 113MiB/2.8GiB(3%)]
[DL:1.2MiB][#0076df 116MiB/3.6GiB(3%)][#e161cc 115MiB/2.8GiB(3%)]
[DL:1.1MiB][#0076df 116MiB/3.6GiB(3%)][#e161cc 115MiB/2.8GiB(3%)]
[DL:1.1MiB][#0076df 117MiB/3.6GiB(3%)][#e161cc 115MiB/2.8GiB(3%)]
[DL:1.0MiB][#0076df 117MiB/3.6GiB(3%)][#e161cc 116MiB/2.8GiB(4%)]
[DL:1.2MiB][#0076df 119MiB/3.6GiB(3%)][#e161cc 117MiB/2.8GiB(4%)]
[DL:1.0MiB][#0076df 119MiB/3.6GiB(3%)][#e161cc 117MiB/2.8GiB(4%)]
[DL:1.2MiB][#0076df 120MiB/3.6GiB(3%)][#e161cc 118MiB/2.8GiB(4%)]
[DL:1.1MiB][#0076df 120MiB/3.6GiB(3%)][#e161cc 118MiB/2.8GiB(4%)]
[DL:1.2MiB][#0076df 120MiB/3.6GiB(3%)][#e161cc 119MiB/2.8GiB(4%)]
[DL:1.0MiB][#0076df 121MiB/3.6GiB(3%)][#e161cc 119MiB/2.8GiB(4%)]
[DL:1.2MiB][#0076df 122MiB/3.6GiB(3%)][#e161cc 120MiB/2.8GiB(4%)]
[DL:1.1MiB][#0076df 122MiB/3.6GiB(3%)][#e161cc 120MiB/2.8GiB(4%)]
[DL:1.1MiB][#0076df 123MiB/3.6GiB(3%)][#e161cc 121MiB/2.8GiB(4%)]
[DL:1.0MiB][#0076df 123MiB/3.6GiB(3%)][#e161cc 122MiB/2.8GiB(4%)]
[DL:1.2MiB][#0076df 124MiB/3.6GiB(3%)][#e161cc 123MiB/2.8GiB(4%)]
[DL:1.0MiB][#0076df 125MiB/3.6GiB(3%)][#e161cc 123MiB/2.8GiB(4%)]
[DL:1.2MiB][#0076df 126MiB/3.6GiB(3%)][#e161cc 124MiB/2.8GiB(4%)]
[DL:1.1MiB][#0076df 126MiB/3.6GiB(3%)][#e161cc 124MiB/2.8GiB(4%)]
[DL:1.2MiB][#0076df 126MiB/3.6GiB(3%)][#e161cc 125MiB/2.8GiB(4%)]
[DL:1.0MiB][#0076df 127MiB/3.6GiB(3%)][#e161cc 125MiB/2.8GiB(4%)]
[DL:1.2MiB][#0076df 128MiB/3.6GiB(3%)][#e161cc 126MiB/2.8GiB(4%)]
[DL:1.1MiB][#0076df 128MiB/3.6GiB(3%)][#e161cc 126MiB/2.8GiB(4%)]
[DL:1.1MiB][#0076df 129MiB/3.6GiB(3%)][#e161cc 127MiB/2.8GiB(4%)]
[DL:1.0MiB][#0076df 129MiB/3.6GiB(3%)][#e161cc 128MiB/2.8GiB(4%)]
[DL:1.2MiB][#0076df 130MiB/3.6GiB(3%)][#e161cc 129MiB/2.8GiB(4%)]
[DL:1.0MiB][#0076df 131MiB/3.6GiB(3%)][#e161cc 129MiB/2.8GiB(4%)]
[DL:1.2MiB][#0076df 132MiB/3.6GiB(3%)][#e161cc 130MiB/2.8GiB(4%)]
[DL:1.1MiB][#0076df 132MiB/3.6GiB(3%)][#e161cc 130MiB/2.8GiB(4%)]
[DL:1.2MiB][#0076df 132MiB/3.6GiB(3%)][#e161cc 131MiB/2.8GiB(4%)]
[DL:1.0MiB][#0076df 133MiB/3.6GiB(3%)][#e161cc 131MiB/2.8GiB(4%)]
[DL:1.2MiB][#0076df 134MiB/3.6GiB(3%)][#e161cc 132MiB/2.8GiB(4%)]
[DL:1.1MiB][#0076df 134MiB/3.6GiB(3%)][#e161cc 132MiB/2.8GiB(4%)]
[DL:1.1MiB][#0076df 134MiB/3.6GiB(3%)][#e161cc 133MiB/2.8GiB(4%)]
[DL:1.0MiB][#0076df 135MiB/3.6GiB(3%)][#e161cc 133MiB/2.8GiB(4%)]
[DL:1.2MiB][#0076df 136MiB/3.6GiB(3%)][#e161cc 134MiB/2.8GiB(4%)]
[DL:1.0MiB][#0076df 136MiB/3.6GiB(3%)][#e161cc 135MiB/2.8GiB(4%)]
[DL:1.2MiB][#0076df 137MiB/3.6GiB(3%)][#e161cc 136MiB/2.8GiB(4%)]
[DL:1.1MiB][#0076df 138MiB/3.6GiB(3%)][#e161cc 136MiB/2.8GiB(4%)]
[DL:1.2MiB][#0076df 138MiB/3.6GiB(3%)][#e161cc 136MiB/2.8GiB(4%)]
[DL:1.0MiB][#0076df 139MiB/3.6GiB(3%)][#e161cc 137MiB/2.8GiB(4%)]
[DL:1.2MiB][#0076df 140MiB/3.6GiB(3%)][#e161cc 138MiB/2.8GiB(4%)]
[DL:1.1MiB][#0076df 140MiB/3.6GiB(3%)][#e161cc 138MiB/2.8GiB(4%)]
[DL:1.1MiB][#0076df 140MiB/3.6GiB(3%)][#e161cc 138MiB/2.8GiB(4%)]
[DL:1.0MiB][#0076df 141MiB/3.6GiB(3%)][#e161cc 139MiB/2.8GiB(4%)]
[DL:1.2MiB][#0076df 142MiB/3.6GiB(3%)][#e161cc 140MiB/2.8GiB(4%)]
[DL:1.0MiB][#0076df 142MiB/3.6GiB(3%)][#e161cc 140MiB/2.8GiB(4%)]
[DL:1.2MiB][#0076df 143MiB/3.6GiB(3%)][#e161cc 141MiB/2.8GiB(4%)]
[DL:1.1MiB][#0076df 143MiB/3.6GiB(3%)][#e161cc 141MiB/2.8GiB(4%)]
[DL:1.2MiB][#0076df 144MiB/3.6GiB(3%)][#e161cc 142MiB/2.8GiB(4%)]
[DL:1.0MiB][#0076df 144MiB/3.6GiB(3%)][#e161cc 142MiB/2.8GiB(4%)]
[DL:1.2MiB][#0076df 145MiB/3.6GiB(3%)][#e161cc 143MiB/2.8GiB(4%)]
[DL:1.1MiB][#0076df 146MiB/3.6GiB(3%)][#e161cc 144MiB/2.8GiB(4%)]
[DL:1.1MiB][#0076df 146MiB/3.6GiB(3%)][#e161cc 144MiB/2.8GiB(4%)]
[DL:1.0MiB][#0076df 147MiB/3.6GiB(3%)][#e161cc 145MiB/2.8GiB(5%)]
[DL:1.2MiB][#0076df 148MiB/3.6GiB(3%)][#e161cc 146MiB/2.8GiB(5%)]
[DL:1.0MiB][#0076df 148MiB/3.6GiB(3%)][#e161cc 146MiB/2.8GiB(5%)]
[DL:1.2MiB][#0076df 149MiB/3.6GiB(3%)][#e161cc 147MiB/2.8GiB(5%)]
[DL:1.1MiB][#0076df 149MiB/3.6GiB(3%)][#e161cc 147MiB/2.8GiB(5%)]
[DL:1.2MiB][#0076df 150MiB/3.6GiB(3%)][#e161cc 148MiB/2.8GiB(5%)]
[DL:1.0MiB][#0076df 150MiB/3.6GiB(3%)][#e161cc 148MiB/2.8GiB(5%)]
[DL:1.2MiB][#0076df 151MiB/3.6GiB(4%)][#e161cc 149MiB/2.8GiB(5%)]
[DL:1.1MiB][#0076df 151MiB/3.6GiB(4%)][#e161cc 149MiB/2.8GiB(5%)]
[DL:1.1MiB][#0076df 152MiB/3.6GiB(4%)][#e161cc 150MiB/2.8GiB(5%)]
[DL:1.0MiB][#0076df 153MiB/3.6GiB(4%)][#e161cc 151MiB/2.8GiB(5%)]
[DL:1.2MiB][#0076df 154MiB/3.6GiB(4%)][#e161cc 152MiB/2.8GiB(5%)]
[DL:1.0MiB][#0076df 154MiB/3.6GiB(4%)][#e161cc 152MiB/2.8GiB(5%)]
[DL:1.2MiB][#0076df 155MiB/3.6GiB(4%)][#e161cc 153MiB/2.8GiB(5%)]
[DL:1.1MiB][#0076df 155MiB/3.6GiB(4%)][#e161cc 153MiB/2.8GiB(5%)]
[DL:1.2MiB][#0076df 156MiB/3.6GiB(4%)][#e161cc 154MiB/2.8GiB(5%)]
[DL:1.0MiB][#0076df 156MiB/3.6GiB(4%)][#e161cc 154MiB/2.8GiB(5%)]
[DL:1.2MiB][#0076df 157MiB/3.6GiB(4%)][#e161cc 155MiB/2.8GiB(5%)]
[DL:1.1MiB][#0076df 157MiB/3.6GiB(4%)][#e161cc 155MiB/2.8GiB(5%)]
[DL:1.1MiB][#0076df 158MiB/3.6GiB(4%)][#e161cc 156MiB/2.8GiB(5%)]
[DL:1.0MiB][#0076df 158MiB/3.6GiB(4%)][#e161cc 156MiB/2.8GiB(5%)]
[DL:1.2MiB][#0076df 160MiB/3.6GiB(4%)][#e161cc 157MiB/2.8GiB(5%)]
[DL:1.0MiB][#0076df 160MiB/3.6GiB(4%)][#e161cc 158MiB/2.8GiB(5%)]
[DL:1.2MiB][#0076df 161MiB/3.6GiB(4%)][#e161cc 159MiB/2.8GiB(5%)]
 *** Download Progress Summary as of Sat Aug 15 22:37:57 2026 *** 
===============================================================================
[#0076df 161MiB/3.6GiB(4%) CN:1 DL:585KiB ETA:1h45m31s]
FILE: /srv/modelstripe/qwen/Qwen3.8-27B/6026d6bb4baa574f54205e2894816127bcf444bb4f727aa76a4fd3c90e810140
-------------------------------------------------------------------------------
[#e161cc 159MiB/2.8GiB(5%) CN:1 DL:576KiB ETA:1h21m8s]
FILE: /srv/modelstripe/qwen/Qwen3.8-27B/9c56e976ca79eb9ff5c91e64f51cdefb5f6b2651c96d8569df49033f79642d78
-------------------------------------------------------------------------------

[DL:1.1MiB][#0076df 161MiB/3.6GiB(4%)][#e161cc 159MiB/2.8GiB(5%)]
[DL:1.2MiB][#0076df 162MiB/3.6GiB(4%)][#e161cc 159MiB/2.8GiB(5%)]
[DL:1.0MiB][#0076df 162MiB/3.6GiB(4%)][#e161cc 160MiB/2.8GiB(5%)]
[DL:1.2MiB][#0076df 163MiB/3.6GiB(4%)][#e161cc 161MiB/2.8GiB(5%)]
[DL:1.1MiB][#0076df 163MiB/3.6GiB(4%)][#e161cc 161MiB/2.8GiB(5%)]
[DL:1.1MiB][#0076df 164MiB/3.6GiB(4%)][#e161cc 162MiB/2.8GiB(5%)]
[DL:1.0MiB][#0076df 165MiB/3.6GiB(4%)][#e161cc 162MiB/2.8GiB(5%)]
[DL:1.2MiB][#0076df 166MiB/3.6GiB(4%)][#e161cc 164MiB/2.8GiB(5%)]
[DL:1.0MiB][#0076df 166MiB/3.6GiB(4%)][#e161cc 164MiB/2.8GiB(5%)]
[DL:1.2MiB][#0076df 167MiB/3.6GiB(4%)][#e161cc 165MiB/2.8GiB(5%)]
[DL:1.1MiB][#0076df 167MiB/3.6GiB(4%)][#e161cc 165MiB/2.8GiB(5%)]
[DL:1.2MiB][#0076df 168MiB/3.6GiB(4%)][#e161cc 165MiB/2.8GiB(5%)]
[DL:1.0MiB][#0076df 168MiB/3.6GiB(4%)][#e161cc 166MiB/2.8GiB(5%)]
[DL:1.2MiB][#0076df 169MiB/3.6GiB(4%)][#e161cc 167MiB/2.8GiB(5%)]
[DL:1.1MiB][#0076df 169MiB/3.6GiB(4%)][#e161cc 167MiB/2.8GiB(5%)]
[DL:1.1MiB][#0076df 170MiB/3.6GiB(4%)][#e161cc 168MiB/2.8GiB(5%)]
[DL:1.0MiB][#0076df 171MiB/3.6GiB(4%)][#e161cc 168MiB/2.8GiB(5%)]
[DL:1.2MiB][#0076df 172MiB/3.6GiB(4%)][#e161cc 169MiB/2.8GiB(5%)]
[DL:1.0MiB][#0076df 172MiB/3.6GiB(4%)][#e161cc 169MiB/2.8GiB(5%)]
[DL:1.2MiB][#0076df 173MiB/3.6GiB(4%)][#e161cc 170MiB/2.8GiB(5%)]
[DL:1.1MiB][#0076df 173MiB/3.6GiB(4%)][#e161cc 171MiB/2.8GiB(5%)]
[DL:1.2MiB][#0076df 174MiB/3.6GiB(4%)][#e161cc 171MiB/2.8GiB(5%)]
[DL:1.0MiB][#0076df 174MiB/3.6GiB(4%)][#e161cc 171MiB/2.8GiB(5%)]
[DL:1.2MiB][#0076df 175MiB/3.6GiB(4%)][#e161cc 172MiB/2.8GiB(5%)]
[DL:1.1MiB][#0076df 175MiB/3.6GiB(4%)][#e161cc 173MiB/2.8GiB(5%)]
[DL:1.1MiB][#0076df 176MiB/3.6GiB(4%)][#e161cc 173MiB/2.8GiB(5%)]
[DL:1.0MiB][#0076df 176MiB/3.6GiB(4%)][#e161cc 174MiB/2.8GiB(6%)]
[DL:1.2MiB][#0076df 177MiB/3.6GiB(4%)][#e161cc 175MiB/2.8GiB(6%)]
[DL:1.0MiB][#0076df 178MiB/3.6GiB(4%)][#e161cc 175MiB/2.8GiB(6%)]
[DL:1.2MiB][#0076df 179MiB/3.6GiB(4%)][#e161cc 176MiB/2.8GiB(6%)]
[DL:1.1MiB][#0076df 179MiB/3.6GiB(4%)][#e161cc 176MiB/2.8GiB(6%)]
[DL:1.2MiB][#0076df 179MiB/3.6GiB(4%)][#e161cc 177MiB/2.8GiB(6%)]
[DL:1.0MiB][#0076df 180MiB/3.6GiB(4%)][#e161cc 177MiB/2.8GiB(6%)]
[DL:1.2MiB][#0076df 181MiB/3.6GiB(4%)][#e161cc 178MiB/2.8GiB(6%)]
[DL:1.1MiB][#0076df 181MiB/3.6GiB(4%)][#e161cc 178MiB/2.8GiB(6%)]
[DL:1.1MiB][#0076df 182MiB/3.6GiB(4%)][#e161cc 179MiB/2.8GiB(6%)]
[DL:1.0MiB][#0076df 182MiB/3.6GiB(4%)][#e161cc 180MiB/2.8GiB(6%)]
[DL:1.2MiB][#0076df 183MiB/3.6GiB(4%)][#e161cc 181MiB/2.8GiB(6%)]
[DL:1.0MiB][#0076df 183MiB/3.6GiB(4%)][#e161cc 181MiB/2.8GiB(6%)]
[DL:1.2MiB][#0076df 184MiB/3.6GiB(4%)][#e161cc 182MiB/2.8GiB(6%)]
[DL:1.1MiB][#0076df 185MiB/3.6GiB(4%)][#e161cc 182MiB/2.8GiB(6%)]
[DL:1.2MiB][#0076df 185MiB/3.6GiB(4%)][#e161cc 183MiB/2.8GiB(6%)]
[DL:1.0MiB][#0076df 186MiB/3.6GiB(4%)][#e161cc 183MiB/2.8GiB(6%)]
[DL:1.2MiB][#0076df 187MiB/3.6GiB(4%)][#e161cc 184MiB/2.8GiB(6%)]
[DL:1.1MiB][#0076df 187MiB/3.6GiB(4%)][#e161cc 184MiB/2.8GiB(6%)]
[DL:1.1MiB][#0076df 187MiB/3.6GiB(4%)][#e161cc 185MiB/2.8GiB(6%)]
[DL:1.0MiB][#0076df 188MiB/3.6GiB(4%)][#e161cc 185MiB/2.8GiB(6%)]
[DL:1.2MiB][#0076df 189MiB/3.6GiB(5%)][#e161cc 186MiB/2.8GiB(6%)]
[DL:1.0MiB][#0076df 189MiB/3.6GiB(5%)][#e161cc 187MiB/2.8GiB(6%)]
[DL:1.2MiB][#0076df 190MiB/3.6GiB(5%)][#e161cc 188MiB/2.8GiB(6%)]
[DL:1.1MiB][#0076df 190MiB/3.6GiB(5%)][#e161cc 188MiB/2.8GiB(6%)]
[DL:1.2MiB][#0076df 191MiB/3.6GiB(5%)][#e161cc 188MiB/2.8GiB(6%)]
[DL:1.0MiB][#0076df 191MiB/3.6GiB(5%)][#e161cc 189MiB/2.8GiB(6%)]
[DL:1.2MiB][#0076df 192MiB/3.6GiB(5%)][#e161cc 190MiB/2.8GiB(6%)]
[DL:1.1MiB][#0076df 193MiB/3.6GiB(5%)][#e161cc 190MiB/2.8GiB(6%)]
[DL:1.1MiB][#0076df 193MiB/3.6GiB(5%)][#e161cc 190MiB/2.8GiB(6%)]
[DL:1.0MiB][#0076df 194MiB/3.6GiB(5%)][#e161cc 191MiB/2.8GiB(6%)]
[DL:1.2MiB][#0076df 195MiB/3.6GiB(5%)][#e161cc 192MiB/2.8GiB(6%)]
[DL:1.0MiB][#0076df 195MiB/3.6GiB(5%)][#e161cc 192MiB/2.8GiB(6%)]
[DL:1.2MiB][#0076df 196MiB/3.6GiB(5%)][#e161cc 193MiB/2.8GiB(6%)]
[DL:1.1MiB][#0076df 196MiB/3.6GiB(5%)][#e161cc 193MiB/2.8GiB(6%)]
[DL:1.2MiB][#0076df 197MiB/3.6GiB(5%)][#e161cc 194MiB/2.8GiB(6%)]
[DL:1.0MiB][#0076df 197MiB/3.6GiB(5%)][#e161cc 194MiB/2.8GiB(6%)]
[DL:1.2MiB][#0076df 198MiB/3.6GiB(5%)][#e161cc 195MiB/2.8GiB(6%)]
[DL:1.1MiB][#0076df 198MiB/3.6GiB(5%)][#e161cc 196MiB/2.8GiB(6%)]
[DL:1.1MiB][#0076df 199MiB/3.6GiB(5%)][#e161cc 196MiB/2.8GiB(6%)]
[DL:1.0MiB][#0076df 200MiB/3.6GiB(5%)][#e161cc 197MiB/2.8GiB(6%)]
[DL:1.2MiB][#0076df 201MiB/3.6GiB(5%)][#e161cc 198MiB/2.8GiB(6%)]
[DL:1.0MiB][#0076df 201MiB/3.6GiB(5%)][#e161cc 198MiB/2.8GiB(6%)]
[DL:1.2MiB][#0076df 202MiB/3.6GiB(5%)][#e161cc 199MiB/2.8GiB(6%)]
[DL:1.1MiB][#0076df 202MiB/3.6GiB(5%)][#e161cc 199MiB/2.8GiB(6%)]
[DL:1.2MiB][#0076df 203MiB/3.6GiB(5%)][#e161cc 200MiB/2.8GiB(6%)]
[DL:1.0MiB][#0076df 203MiB/3.6GiB(5%)][#e161cc 200MiB/2.8GiB(6%)]
[DL:1.2MiB][#0076df 204MiB/3.6GiB(5%)][#e161cc 201MiB/2.8GiB(6%)]
[DL:1.1MiB][#0076df 204MiB/3.6GiB(5%)][#e161cc 201MiB/2.8GiB(6%)]
[DL:1.1MiB][#0076df 205MiB/3.6GiB(5%)][#e161cc 202MiB/2.8GiB(6%)]
[DL:1.0MiB][#0076df 206MiB/3.6GiB(5%)][#e161cc 203MiB/2.8GiB(6%)]
[DL:1.2MiB][#0076df 207MiB/3.6GiB(5%)][#e161cc 204MiB/2.8GiB(7%)]
[DL:1.0MiB][#0076df 207MiB/3.6GiB(5%)][#e161cc 204MiB/2.8GiB(7%)]
[DL:1.2MiB][#0076df 208MiB/3.6GiB(5%)][#e161cc 205MiB/2.8GiB(7%)]
[DL:1.1MiB][#0076df 208MiB/3.6GiB(5%)][#e161cc 205MiB/2.8GiB(7%)]
[DL:1.2MiB][#0076df 209MiB/3.6GiB(5%)][#e161cc 206MiB/2.8GiB(7%)]
[DL:1.0MiB][#0076df 209MiB/3.6GiB(5%)][#e161cc 206MiB/2.8GiB(7%)]
[DL:1.2MiB][#0076df 210MiB/3.6GiB(5%)][#e161cc 207MiB/2.8GiB(7%)]
[DL:1.1MiB][#0076df 210MiB/3.6GiB(5%)][#e161cc 207MiB/2.8GiB(7%)]
[DL:1.1MiB][#0076df 211MiB/3.6GiB(5%)][#e161cc 208MiB/2.8GiB(7%)]
[DL:1.0MiB][#0076df 211MiB/3.6GiB(5%)][#e161cc 208MiB/2.8GiB(7%)]
[DL:1.2MiB][#0076df 212MiB/3.6GiB(5%)][#e161cc 209MiB/2.8GiB(7%)]
[DL:1.0MiB][#0076df 213MiB/3.6GiB(5%)][#e161cc 210MiB/2.8GiB(7%)]
[DL:1.2MiB][#0076df 214MiB/3.6GiB(5%)][#e161cc 211MiB/2.8GiB(7%)]
[DL:1.1MiB][#0076df 214MiB/3.6GiB(5%)][#e161cc 211MiB/2.8GiB(7%)]
[DL:1.2MiB][#0076df 214MiB/3.6GiB(5%)][#e161cc 211MiB/2.8GiB(7%)]
[DL:1.0MiB][#0076df 215MiB/3.6GiB(5%)][#e161cc 212MiB/2.8GiB(7%)]
[DL:1.2MiB][#0076df 216MiB/3.6GiB(5%)][#e161cc 213MiB/2.8GiB(7%)]
[DL:1.1MiB][#0076df 216MiB/3.6GiB(5%)][#e161cc 213MiB/2.8GiB(7%)]
[DL:1.1MiB][#0076df 217MiB/3.6GiB(5%)][#e161cc 213MiB/2.8GiB(7%)]
[DL:1.0MiB][#0076df 217MiB/3.6GiB(5%)][#e161cc 214MiB/2.8GiB(7%)]
[DL:1.2MiB][#0076df 218MiB/3.6GiB(5%)][#e161cc 215MiB/2.8GiB(7%)]
[DL:1.0MiB][#0076df 218MiB/3.6GiB(5%)][#e161cc 215MiB/2.8GiB(7%)]
[DL:1.2MiB][#0076df 219MiB/3.6GiB(5%)][#e161cc 216MiB/2.8GiB(7%)]
[DL:1.1MiB][#0076df 220MiB/3.6GiB(5%)][#e161cc 217MiB/2.8GiB(7%)]
[DL:1.2MiB][#0076df 220MiB/3.6GiB(5%)][#e161cc 217MiB/2.8GiB(7%)]
[DL:1.0MiB][#0076df 221MiB/3.6GiB(5%)][#e161cc 217MiB/2.8GiB(7%)]
[DL:1.2MiB][#0076df 222MiB/3.6GiB(5%)][#e161cc 218MiB/2.8GiB(7%)]
[DL:1.1MiB][#0076df 222MiB/3.6GiB(5%)][#e161cc 219MiB/2.8GiB(7%)]
[DL:1.1MiB][#0076df 222MiB/3.6GiB(5%)][#e161cc 219MiB/2.8GiB(7%)]
[DL:1.0MiB][#0076df 223MiB/3.6GiB(5%)][#e161cc 220MiB/2.8GiB(7%)]
[DL:1.2MiB][#0076df 224MiB/3.6GiB(5%)][#e161cc 221MiB/2.8GiB(7%)]
[DL:1.0MiB][#0076df 224MiB/3.6GiB(5%)][#e161cc 221MiB/2.8GiB(7%)]
[DL:1.2MiB][#0076df 225MiB/3.6GiB(5%)][#e161cc 222MiB/2.8GiB(7%)]
[DL:1.1MiB][#0076df 225MiB/3.6GiB(5%)][#e161cc 222MiB/2.8GiB(7%)]
[DL:1.2MiB][#0076df 226MiB/3.6GiB(5%)][#e161cc 223MiB/2.8GiB(7%)]
[DL:1.0MiB][#0076df 226MiB/3.6GiB(5%)][#e161cc 223MiB/2.8GiB(7%)]
[DL:1.2MiB][#0076df 227MiB/3.6GiB(6%)][#e161cc 224MiB/2.8GiB(7%)]
[DL:1.1MiB][#0076df 227MiB/3.6GiB(6%)][#e161cc 224MiB/2.8GiB(7%)]
[DL:1.1MiB][#0076df 228MiB/3.6GiB(6%)][#e161cc 225MiB/2.8GiB(7%)]
[DL:1.0MiB][#0076df 229MiB/3.6GiB(6%)][#e161cc 226MiB/2.8GiB(7%)]
[DL:1.2MiB][#0076df 230MiB/3.6GiB(6%)][#e161cc 227MiB/2.8GiB(7%)]
[DL:1.0MiB][#0076df 230MiB/3.6GiB(6%)][#e161cc 227MiB/2.8GiB(7%)]
[DL:1.2MiB][#0076df 231MiB/3.6GiB(6%)][#e161cc 228MiB/2.8GiB(7%)]
[DL:1.1MiB][#0076df 231MiB/3.6GiB(6%)][#e161cc 228MiB/2.8GiB(7%)]
[DL:1.2MiB][#0076df 232MiB/3.6GiB(6%)][#e161cc 229MiB/2.8GiB(7%)]
[DL:1.0MiB][#0076df 232MiB/3.6GiB(6%)][#e161cc 229MiB/2.8GiB(7%)]
[DL:1.2MiB][#0076df 233MiB/3.6GiB(6%)][#e161cc 230MiB/2.8GiB(7%)]
[DL:1.1MiB][#0076df 233MiB/3.6GiB(6%)][#e161cc 230MiB/2.8GiB(7%)]
[DL:1.1MiB][#0076df 234MiB/3.6GiB(6%)][#e161cc 231MiB/2.8GiB(7%)]
[DL:1.0MiB][#0076df 235MiB/3.6GiB(6%)][#e161cc 232MiB/2.8GiB(7%)]
[DL:1.2MiB][#0076df 236MiB/3.6GiB(6%)][#e161cc 233MiB/2.8GiB(8%)]
[DL:1.0MiB][#0076df 236MiB/3.6GiB(6%)][#e161cc 233MiB/2.8GiB(8%)]
[DL:1.2MiB][#0076df 237MiB/3.6GiB(6%)][#e161cc 234MiB/2.8GiB(8%)]
[DL:1.1MiB][#0076df 237MiB/3.6GiB(6%)][#e161cc 234MiB/2.8GiB(8%)]
[DL:1.2MiB][#0076df 238MiB/3.6GiB(6%)][#e161cc 235MiB/2.8GiB(8%)]
[DL:1.0MiB][#0076df 238MiB/3.6GiB(6%)][#e161cc 235MiB/2.8GiB(8%)]
[DL:1.2MiB][#0076df 239MiB/3.6GiB(6%)][#e161cc 236MiB/2.8GiB(8%)]
[DL:1.1MiB][#0076df 239MiB/3.6GiB(6%)][#e161cc 236MiB/2.8GiB(8%)]
[DL:1.1MiB][#0076df 240MiB/3.6GiB(6%)][#e161cc 237MiB/2.8GiB(8%)]
[DL:1.0MiB][#0076df 241MiB/3.6GiB(6%)][#e161cc 237MiB/2.8GiB(8%)]
[DL:1.2MiB][#0076df 242MiB/3.6GiB(6%)][#e161cc 238MiB/2.8GiB(8%)]
[DL:1.0MiB][#0076df 242MiB/3.6GiB(6%)][#e161cc 239MiB/2.8GiB(8%)]
[DL:1.2MiB][#0076df 243MiB/3.6GiB(6%)][#e161cc 240MiB/2.8GiB(8%)]
[DL:1.1MiB][#0076df 243MiB/3.6GiB(6%)][#e161cc 240MiB/2.8GiB(8%)]
[DL:1.2MiB][#0076df 244MiB/3.6GiB(6%)][#e161cc 240MiB/2.8GiB(8%)]
[DL:1.0MiB][#0076df 244MiB/3.6GiB(6%)][#e161cc 241MiB/2.8GiB(8%)]
[DL:1.2MiB][#0076df 245MiB/3.6GiB(6%)][#e161cc 242MiB/2.8GiB(8%)]
[DL:1.1MiB][#0076df 245MiB/3.6GiB(6%)][#e161cc 242MiB/2.8GiB(8%)]
[DL:1.1MiB][#0076df 246MiB/3.6GiB(6%)][#e161cc 242MiB/2.8GiB(8%)]
[DL:1.0MiB][#0076df 246MiB/3.6GiB(6%)][#e161cc 243MiB/2.8GiB(8%)]
[DL:1.2MiB][#0076df 248MiB/3.6GiB(6%)][#e161cc 244MiB/2.8GiB(8%)]
[DL:1.0MiB][#0076df 248MiB/3.6GiB(6%)][#e161cc 244MiB/2.8GiB(8%)]
[DL:1.2MiB][#0076df 249MiB/3.6GiB(6%)][#e161cc 245MiB/2.8GiB(8%)]
[DL:1.1MiB][#0076df 249MiB/3.6GiB(6%)][#e161cc 246MiB/2.8GiB(8%)]
[DL:1.2MiB][#0076df 249MiB/3.6GiB(6%)][#e161cc 246MiB/2.8GiB(8%)]
[DL:1.0MiB][#0076df 250MiB/3.6GiB(6%)][#e161cc 246MiB/2.8GiB(8%)]
[DL:1.2MiB][#0076df 251MiB/3.6GiB(6%)][#e161cc 247MiB/2.8GiB(8%)]
[DL:1.1MiB][#0076df 251MiB/3.6GiB(6%)][#e161cc 248MiB/2.8GiB(8%)]
[DL:1.1MiB][#0076df 252MiB/3.6GiB(6%)][#e161cc 248MiB/2.8GiB(8%)]
[DL:1.0MiB][#0076df 252MiB/3.6GiB(6%)][#e161cc 249MiB/2.8GiB(8%)]
[DL:1.2MiB][#0076df 253MiB/3.6GiB(6%)][#e161cc 250MiB/2.8GiB(8%)]
[DL:1.0MiB][#0076df 254MiB/3.6GiB(6%)][#e161cc 250MiB/2.8GiB(8%)]
[DL:1.2MiB][#0076df 255MiB/3.6GiB(6%)][#e161cc 251MiB/2.8GiB(8%)]
[DL:1.1MiB][#0076df 255MiB/3.6GiB(6%)][#e161cc 251MiB/2.8GiB(8%)]
[DL:1.2MiB][#0076df 255MiB/3.6GiB(6%)][#e161cc 252MiB/2.8GiB(8%)]
[DL:1.0MiB][#0076df 256MiB/3.6GiB(6%)][#e161cc 252MiB/2.8GiB(8%)]
[DL:1.2MiB][#0076df 257MiB/3.6GiB(6%)][#e161cc 253MiB/2.8GiB(8%)]
[DL:1.1MiB][#0076df 257MiB/3.6GiB(6%)][#e161cc 253MiB/2.8GiB(8%)]
[DL:1.1MiB][#0076df 257MiB/3.6GiB(6%)][#e161cc 254MiB/2.8GiB(8%)]
[DL:1.0MiB][#0076df 258MiB/3.6GiB(6%)][#e161cc 255MiB/2.8GiB(8%)]
[DL:1.2MiB][#0076df 259MiB/3.6GiB(6%)][#e161cc 256MiB/2.8GiB(8%)]
[DL:1.0MiB][#0076df 259MiB/3.6GiB(6%)][#e161cc 256MiB/2.8GiB(8%)]
[DL:1.2MiB][#0076df 260MiB/3.6GiB(6%)][#e161cc 257MiB/2.8GiB(8%)]
[DL:1.1MiB][#0076df 260MiB/3.6GiB(6%)][#e161cc 257MiB/2.8GiB(8%)]
[DL:1.2MiB][#0076df 261MiB/3.6GiB(6%)][#e161cc 258MiB/2.8GiB(8%)]
[DL:1.0MiB][#0076df 261MiB/3.6GiB(6%)][#e161cc 258MiB/2.8GiB(8%)]
[DL:1.2MiB][#0076df 262MiB/3.6GiB(6%)][#e161cc 259MiB/2.8GiB(8%)]
[DL:1.1MiB][#0076df 263MiB/3.6GiB(6%)][#e161cc 259MiB/2.8GiB(8%)]
[DL:1.1MiB][#0076df 263MiB/3.6GiB(6%)][#e161cc 260MiB/2.8GiB(8%)]
[DL:1.0MiB][#0076df 264MiB/3.6GiB(6%)][#e161cc 260MiB/2.8GiB(8%)]
[DL:1.2MiB][#0076df 265MiB/3.6GiB(7%)][#e161cc 261MiB/2.8GiB(9%)]
[DL:0.9MiB][#0076df 265MiB/3.6GiB(7%)][#e161cc 262MiB/2.8GiB(9%)]
[DL:1.2MiB][#0076df 266MiB/3.6GiB(7%)][#e161cc 263MiB/2.8GiB(9%)]
[DL:1.1MiB][#0076df 266MiB/3.6GiB(7%)][#e161cc 263MiB/2.8GiB(9%)]
[DL:1.2MiB][#0076df 267MiB/3.6GiB(7%)][#e161cc 264MiB/2.8GiB(9%)]
[DL:0.9MiB][#0076df 267MiB/3.6GiB(7%)][#e161cc 264MiB/2.8GiB(9%)]
[DL:1.1MiB][#0076df 269MiB/3.6GiB(7%)][#e161cc 265MiB/2.8GiB(9%)]
[DL:1.1MiB][#0076df 269MiB/3.6GiB(7%)][#e161cc 266MiB/2.8GiB(9%)]
[DL:1.0MiB][#0076df 270MiB/3.6GiB(7%)][#e161cc 266MiB/2.8GiB(9%)]
[DL:1.2MiB][#0076df 271MiB/3.6GiB(7%)][#e161cc 267MiB/2.8GiB(9%)]
[DL:1.0MiB][#0076df 271MiB/3.6GiB(7%)][#e161cc 267MiB/2.8GiB(9%)]
[DL:1.2MiB][#0076df 272MiB/3.6GiB(7%)][#e161cc 269MiB/2.8GiB(9%)]
[DL:1.1MiB][#0076df 272MiB/3.6GiB(7%)][#e161cc 269MiB/2.8GiB(9%)]
[DL:1.4MiB][#0076df 273MiB/3.6GiB(7%)][#e161cc 269MiB/2.8GiB(9%)]
[DL:1.2MiB][#0076df 273MiB/3.6GiB(7%)][#e161cc 269MiB/2.8GiB(9%)]
[DL:0.9MiB][#0076df 273MiB/3.6GiB(7%)][#e161cc 269MiB/2.8GiB(9%)]
[DL:1.1MiB][#0076df 274MiB/3.6GiB(7%)][#e161cc 271MiB/2.8GiB(9%)]
[DL:1.1MiB][#0076df 275MiB/3.6GiB(7%)][#e161cc 271MiB/2.8GiB(9%)]
[DL:1.1MiB][#0076df 276MiB/3.6GiB(7%)][#e161cc 272MiB/2.8GiB(9%)]
[DL:1.1MiB][#0076df 276MiB/3.6GiB(7%)][#e161cc 273MiB/2.8GiB(9%)]
[DL:1.0MiB][#0076df 277MiB/3.6GiB(7%)][#e161cc 273MiB/2.8GiB(9%)]
[DL:1.2MiB][#0076df 278MiB/3.6GiB(7%)][#e161cc 274MiB/2.8GiB(9%)]
[DL:1.4MiB][#0076df 278MiB/3.6GiB(7%)][#e161cc 275MiB/2.8GiB(9%)]
[DL:1.2MiB][#0076df 278MiB/3.6GiB(7%)][#e161cc 275MiB/2.8GiB(9%)]
[DL:1.1MiB][#0076df 278MiB/3.6GiB(7%)][#e161cc 275MiB/2.8GiB(9%)]
[DL:0.9MiB][#0076df 279MiB/3.6GiB(7%)][#e161cc 275MiB/2.8GiB(9%)]
[DL:1.1MiB][#0076df 280MiB/3.6GiB(7%)][#e161cc 277MiB/2.8GiB(9%)]
[DL:1.1MiB][#0076df 281MiB/3.6GiB(7%)][#e161cc 277MiB/2.8GiB(9%)]
[DL:1.1MiB][#0076df 281MiB/3.6GiB(7%)][#e161cc 278MiB/2.8GiB(9%)]
[DL:1.1MiB][#0076df 282MiB/3.6GiB(7%)][#e161cc 278MiB/2.8GiB(9%)]
[DL:1.0MiB][#0076df 283MiB/3.6GiB(7%)][#e161cc 279MiB/2.8GiB(9%)]
[DL:1.5MiB][#0076df 284MiB/3.6GiB(7%)][#e161cc 280MiB/2.8GiB(9%)]
[DL:1.3MiB][#0076df 284MiB/3.6GiB(7%)][#e161cc 280MiB/2.8GiB(9%)]
[DL:1.2MiB][#0076df 284MiB/3.6GiB(7%)][#e161cc 280MiB/2.8GiB(9%)]
[DL:1.1MiB][#0076df 284MiB/3.6GiB(7%)][#e161cc 280MiB/2.8GiB(9%)]
[DL:0.9MiB][#0076df 284MiB/3.6GiB(7%)][#e161cc 281MiB/2.8GiB(9%)]
[DL:1.1MiB][#0076df 286MiB/3.6GiB(7%)][#e161cc 282MiB/2.8GiB(9%)]
[DL:1.1MiB][#0076df 287MiB/3.6GiB(7%)][#e161cc 283MiB/2.8GiB(9%)]
[DL:1.1MiB][#0076df 287MiB/3.6GiB(7%)][#e161cc 284MiB/2.8GiB(9%)]
[DL:1.1MiB][#0076df 288MiB/3.6GiB(7%)][#e161cc 284MiB/2.8GiB(9%)]
[DL:1.2MiB][#0076df 288MiB/3.6GiB(7%)][#e161cc 285MiB/2.8GiB(9%)]
[DL:1.1MiB][#0076df 288MiB/3.6GiB(7%)][#e161cc 285MiB/2.8GiB(9%)]
[DL:1.1MiB][#0076df 289MiB/3.6GiB(7%)][#e161cc 285MiB/2.8GiB(9%)]
[DL:1.2MiB][#0076df 290MiB/3.6GiB(7%)][#e161cc 286MiB/2.8GiB(9%)]
[DL:1.1MiB][#0076df 290MiB/3.6GiB(7%)][#e161cc 286MiB/2.8GiB(9%)]
[DL:0.9MiB][#0076df 290MiB/3.6GiB(7%)][#e161cc 287MiB/2.8GiB(9%)]
[DL:1.1MiB][#0076df 292MiB/3.6GiB(7%)][#e161cc 288MiB/2.8GiB(9%)]
[DL:1.1MiB][#0076df 292MiB/3.6GiB(7%)][#e161cc 289MiB/2.8GiB(9%)]
[DL:1.1MiB][#0076df 293MiB/3.6GiB(7%)][#e161cc 289MiB/2.8GiB(9%)]
[DL:1.2MiB][#0076df 294MiB/3.6GiB(7%)][#e161cc 290MiB/2.8GiB(9%)]
[DL:1.1MiB][#0076df 294MiB/3.6GiB(7%)][#e161cc 290MiB/2.8GiB(9%)]
[DL:1.1MiB][#0076df 294MiB/3.6GiB(7%)][#e161cc 290MiB/2.8GiB(10%)]
[DL:1.1MiB][#0076df 295MiB/3.6GiB(7%)][#e161cc 291MiB/2.8GiB(10%)]
[DL:1.2MiB][#0076df 295MiB/3.6GiB(7%)][#e161cc 292MiB/2.8GiB(10%)]
[DL:1.1MiB][#0076df 296MiB/3.6GiB(7%)][#e161cc 292MiB/2.8GiB(10%)]
[DL:0.9MiB][#0076df 296MiB/3.6GiB(7%)][#e161cc 292MiB/2.8GiB(10%)]
[DL:1.1MiB][#0076df 298MiB/3.6GiB(7%)][#e161cc 294MiB/2.8GiB(10%)]
[DL:1.1MiB][#0076df 298MiB/3.6GiB(7%)][#e161cc 294MiB/2.8GiB(10%)]
[DL:1.1MiB][#0076df 299MiB/3.6GiB(7%)][#e161cc 295MiB/2.8GiB(10%)]
[DL:1.2MiB][#0076df 299MiB/3.6GiB(7%)][#e161cc 295MiB/2.8GiB(10%)]
[DL:1.1MiB][#0076df 299MiB/3.6GiB(7%)][#e161cc 295MiB/2.8GiB(10%)]
[DL:1.1MiB][#0076df 300MiB/3.6GiB(7%)][#e161cc 296MiB/2.8GiB(10%)]
[DL:1.1MiB][#0076df 301MiB/3.6GiB(7%)][#e161cc 297MiB/2.8GiB(10%)]
[DL:1.2MiB][#0076df 301MiB/3.6GiB(7%)][#e161cc 297MiB/2.8GiB(10%)]
[DL:1.1MiB][#0076df 301MiB/3.6GiB(7%)][#e161cc 297MiB/2.8GiB(10%)]
[DL:0.9MiB][#0076df 302MiB/3.6GiB(7%)][#e161cc 298MiB/2.8GiB(10%)]
[DL:1.1MiB][#0076df 303MiB/3.6GiB(8%)][#e161cc 300MiB/2.8GiB(10%)]
[DL:1.1MiB][#0076df 304MiB/3.6GiB(8%)][#e161cc 300MiB/2.8GiB(10%)]
[DL:1.1MiB][#0076df 305MiB/3.6GiB(8%)][#e161cc 301MiB/2.8GiB(10%)]
[DL:1.2MiB][#0076df 305MiB/3.6GiB(8%)][#e161cc 301MiB/2.8GiB(10%)]
[DL:1.1MiB][#0076df 305MiB/3.6GiB(8%)][#e161cc 301MiB/2.8GiB(10%)]
[DL:1.1MiB][#0076df 306MiB/3.6GiB(8%)][#e161cc 302MiB/2.8GiB(10%)]
[DL:1.1MiB][#0076df 306MiB/3.6GiB(8%)][#e161cc 302MiB/2.8GiB(10%)]
[DL:1.2MiB][#0076df 307MiB/3.6GiB(8%)][#e161cc 303MiB/2.8GiB(10%)]
[DL:1.1MiB][#0076df 307MiB/3.6GiB(8%)][#e161cc 303MiB/2.8GiB(10%)]
[DL:0.9MiB][#0076df 308MiB/3.6GiB(8%)][#e161cc 304MiB/2.8GiB(10%)]
[DL:1.1MiB][#0076df 309MiB/3.6GiB(8%)][#e161cc 305MiB/2.8GiB(10%)]
[DL:1.1MiB][#0076df 310MiB/3.6GiB(8%)][#e161cc 306MiB/2.8GiB(10%)]
[DL:1.1MiB][#0076df 311MiB/3.6GiB(8%)][#e161cc 307MiB/2.8GiB(10%)]
[DL:1.2MiB][#0076df 311MiB/3.6GiB(8%)][#e161cc 307MiB/2.8GiB(10%)]
[DL:1.1MiB][#0076df 311MiB/3.6GiB(8%)][#e161cc 307MiB/2.8GiB(10%)]
[DL:1.1MiB][#0076df 312MiB/3.6GiB(8%)][#e161cc 308MiB/2.8GiB(10%)]
[DL:1.1MiB][#0076df 312MiB/3.6GiB(8%)][#e161cc 308MiB/2.8GiB(10%)]
[DL:1.2MiB][#0076df 313MiB/3.6GiB(8%)][#e161cc 309MiB/2.8GiB(10%)]
[DL:1.1MiB][#0076df 313MiB/3.6GiB(8%)][#e161cc 309MiB/2.8GiB(10%)]
[DL:0.9MiB][#0076df 314MiB/3.6GiB(8%)][#e161cc 310MiB/2.8GiB(10%)]
[DL:1.1MiB][#0076df 315MiB/3.6GiB(8%)][#e161cc 311MiB/2.8GiB(10%)]
[DL:1.1MiB][#0076df 316MiB/3.6GiB(8%)][#e161cc 312MiB/2.8GiB(10%)]
[DL:1.1MiB][#0076df 316MiB/3.6GiB(8%)][#e161cc 312MiB/2.8GiB(10%)]
[DL:1.2MiB][#0076df 317MiB/3.6GiB(8%)][#e161cc 313MiB/2.8GiB(10%)]
[DL:1.1MiB][#0076df 317MiB/3.6GiB(8%)][#e161cc 313MiB/2.8GiB(10%)]
[DL:1.1MiB][#0076df 318MiB/3.6GiB(8%)][#e161cc 313MiB/2.8GiB(10%)]
[DL:1.1MiB][#0076df 318MiB/3.6GiB(8%)][#e161cc 314MiB/2.8GiB(10%)]
[DL:1.2MiB][#0076df 319MiB/3.6GiB(8%)][#e161cc 315MiB/2.8GiB(10%)]
[DL:1.1MiB][#0076df 319MiB/3.6GiB(8%)][#e161cc 315MiB/2.8GiB(10%)]
[DL:0.9MiB][#0076df 320MiB/3.6GiB(8%)][#e161cc 315MiB/2.8GiB(10%)]
[DL:1.1MiB][#0076df 321MiB/3.6GiB(8%)][#e161cc 317MiB/2.8GiB(10%)]
[DL:1.1MiB][#0076df 322MiB/3.6GiB(8%)][#e161cc 317MiB/2.8GiB(10%)]
[DL:1.1MiB][#0076df 322MiB/3.6GiB(8%)][#e161cc 318MiB/2.8GiB(10%)]
[DL:1.2MiB][#0076df 323MiB/3.6GiB(8%)][#e161cc 318MiB/2.8GiB(10%)]
[DL:1.1MiB][#0076df 323MiB/3.6GiB(8%)][#e161cc 318MiB/2.8GiB(10%)]
[DL:1.1MiB][#0076df 323MiB/3.6GiB(8%)][#e161cc 319MiB/2.8GiB(11%)]
[DL:1.1MiB][#0076df 324MiB/3.6GiB(8%)][#e161cc 320MiB/2.8GiB(11%)]
[DL:1.2MiB][#0076df 325MiB/3.6GiB(8%)][#e161cc 320MiB/2.8GiB(11%)]
[DL:1.1MiB][#0076df 325MiB/3.6GiB(8%)][#e161cc 320MiB/2.8GiB(11%)]
[DL:0.9MiB][#0076df 325MiB/3.6GiB(8%)][#e161cc 321MiB/2.8GiB(11%)]
[DL:1.1MiB][#0076df 327MiB/3.6GiB(8%)][#e161cc 323MiB/2.8GiB(11%)]
[DL:1.1MiB][#0076df 328MiB/3.6GiB(8%)][#e161cc 323MiB/2.8GiB(11%)]
[DL:1.1MiB][#0076df 328MiB/3.6GiB(8%)][#e161cc 324MiB/2.8GiB(11%)]
[DL:1.2MiB][#0076df 329MiB/3.6GiB(8%)][#e161cc 324MiB/2.8GiB(11%)]
[DL:1.1MiB][#0076df 329MiB/3.6GiB(8%)][#e161cc 324MiB/2.8GiB(11%)]
[DL:1.1MiB][#0076df 329MiB/3.6GiB(8%)][#e161cc 325MiB/2.8GiB(11%)]
[DL:1.1MiB][#0076df 330MiB/3.6GiB(8%)][#e161cc 325MiB/2.8GiB(11%)]
[DL:1.2MiB][#0076df 331MiB/3.6GiB(8%)][#e161cc 326MiB/2.8GiB(11%)]
[DL:1.1MiB][#0076df 331MiB/3.6GiB(8%)][#e161cc 326MiB/2.8GiB(11%)]
[DL:0.9MiB][#0076df 331MiB/3.6GiB(8%)][#e161cc 327MiB/2.8GiB(11%)]
[DL:1.1MiB][#0076df 333MiB/3.6GiB(8%)][#e161cc 328MiB/2.8GiB(11%)]
[DL:1.1MiB][#0076df 333MiB/3.6GiB(8%)][#e161cc 329MiB/2.8GiB(11%)]
 *** Download Progress Summary as of Sat Aug 15 22:42:58 2026 *** 
===============================================================================
[#0076df 334MiB/3.6GiB(8%) CN:1 DL:607KiB ETA:1h36m51s]
FILE: /srv/modelstripe/qwen/Qwen3.8-27B/6026d6bb4baa574f54205e2894816127bcf444bb4f727aa76a4fd3c90e810140
-------------------------------------------------------------------------------
[#e161cc 330MiB/2.8GiB(11%) CN:1 DL:672KiB ETA:1h5m14s]
FILE: /srv/modelstripe/qwen/Qwen3.8-27B/9c56e976ca79eb9ff5c91e64f51cdefb5f6b2651c96d8569df49033f79642d78
-------------------------------------------------------------------------------

[DL:1.1MiB][#0076df 334MiB/3.6GiB(8%)][#e161cc 330MiB/2.8GiB(11%)]
[DL:1.2MiB][#0076df 334MiB/3.6GiB(8%)][#e161cc 330MiB/2.8GiB(11%)]
[DL:1.1MiB][#0076df 334MiB/3.6GiB(8%)][#e161cc 330MiB/2.8GiB(11%)]
[DL:1.1MiB][#0076df 335MiB/3.6GiB(8%)][#e161cc 331MiB/2.8GiB(11%)]
[DL:1.1MiB][#0076df 336MiB/3.6GiB(8%)][#e161cc 331MiB/2.8GiB(11%)]
[DL:1.2MiB][#0076df 336MiB/3.6GiB(8%)][#e161cc 332MiB/2.8GiB(11%)]
[DL:1.1MiB][#0076df 337MiB/3.6GiB(8%)][#e161cc 332MiB/2.8GiB(11%)]
[DL:0.9MiB][#0076df 337MiB/3.6GiB(8%)][#e161cc 333MiB/2.8GiB(11%)]
[DL:1.1MiB][#0076df 339MiB/3.6GiB(8%)][#e161cc 334MiB/2.8GiB(11%)]
[DL:1.1MiB][#0076df 339MiB/3.6GiB(8%)][#e161cc 335MiB/2.8GiB(11%)]
[DL:1.1MiB][#0076df 340MiB/3.6GiB(8%)][#e161cc 335MiB/2.8GiB(11%)]
[DL:1.2MiB][#0076df 340MiB/3.6GiB(9%)][#e161cc 336MiB/2.8GiB(11%)]
[DL:1.1MiB][#0076df 340MiB/3.6GiB(9%)][#e161cc 336MiB/2.8GiB(11%)]
[DL:1.1MiB][#0076df 341MiB/3.6GiB(9%)][#e161cc 336MiB/2.8GiB(11%)]
[DL:1.1MiB][#0076df 342MiB/3.6GiB(9%)][#e161cc 337MiB/2.8GiB(11%)]
[DL:1.2MiB][#0076df 342MiB/3.6GiB(9%)][#e161cc 338MiB/2.8GiB(11%)]
[DL:1.1MiB][#0076df 342MiB/3.6GiB(9%)][#e161cc 338MiB/2.8GiB(11%)]
[DL:0.9MiB][#0076df 343MiB/3.6GiB(9%)][#e161cc 338MiB/2.8GiB(11%)]
[DL:1.1MiB][#0076df 344MiB/3.6GiB(9%)][#e161cc 340MiB/2.8GiB(11%)]
[DL:1.1MiB][#0076df 345MiB/3.6GiB(9%)][#e161cc 341MiB/2.8GiB(11%)]
[DL:1.1MiB][#0076df 346MiB/3.6GiB(9%)][#e161cc 341MiB/2.8GiB(11%)]
[DL:1.2MiB][#0076df 346MiB/3.6GiB(9%)][#e161cc 342MiB/2.8GiB(11%)]
[DL:1.1MiB][#0076df 346MiB/3.6GiB(9%)][#e161cc 342MiB/2.8GiB(11%)]
[DL:1.1MiB][#0076df 347MiB/3.6GiB(9%)][#e161cc 342MiB/2.8GiB(11%)]
[DL:1.1MiB][#0076df 347MiB/3.6GiB(9%)][#e161cc 343MiB/2.8GiB(11%)]
[DL:1.2MiB][#0076df 348MiB/3.6GiB(9%)][#e161cc 343MiB/2.8GiB(11%)]
[DL:1.1MiB][#0076df 348MiB/3.6GiB(9%)][#e161cc 344MiB/2.8GiB(11%)]
[DL:0.9MiB][#0076df 349MiB/3.6GiB(9%)][#e161cc 344MiB/2.8GiB(11%)]
[DL:1.1MiB][#0076df 350MiB/3.6GiB(9%)][#e161cc 346MiB/2.8GiB(11%)]
[DL:1.1MiB][#0076df 351MiB/3.6GiB(9%)][#e161cc 346MiB/2.8GiB(11%)]
[DL:1.1MiB][#0076df 352MiB/3.6GiB(9%)][#e161cc 347MiB/2.8GiB(11%)]
[DL:1.2MiB][#0076df 352MiB/3.6GiB(9%)][#e161cc 347MiB/2.8GiB(11%)]
[DL:1.1MiB][#0076df 352MiB/3.6GiB(9%)][#e161cc 347MiB/2.8GiB(11%)]
[DL:1.1MiB][#0076df 353MiB/3.6GiB(9%)][#e161cc 348MiB/2.8GiB(12%)]
[DL:1.1MiB][#0076df 353MiB/3.6GiB(9%)][#e161cc 349MiB/2.8GiB(12%)]
[DL:1.2MiB][#0076df 354MiB/3.6GiB(9%)][#e161cc 349MiB/2.8GiB(12%)]
[DL:1.1MiB][#0076df 354MiB/3.6GiB(9%)][#e161cc 349MiB/2.8GiB(12%)]
[DL:0.9MiB][#0076df 355MiB/3.6GiB(9%)][#e161cc 350MiB/2.8GiB(12%)]
[DL:1.1MiB][#0076df 356MiB/3.6GiB(9%)][#e161cc 351MiB/2.8GiB(12%)]
[DL:1.1MiB][#0076df 357MiB/3.6GiB(9%)][#e161cc 352MiB/2.8GiB(12%)]
[DL:1.1MiB][#0076df 357MiB/3.6GiB(9%)][#e161cc 353MiB/2.8GiB(12%)]
[DL:1.2MiB][#0076df 358MiB/3.6GiB(9%)][#e161cc 353MiB/2.8GiB(12%)]
[DL:1.1MiB][#0076df 358MiB/3.6GiB(9%)][#e161cc 353MiB/2.8GiB(12%)]
[DL:1.1MiB][#0076df 358MiB/3.6GiB(9%)][#e161cc 354MiB/2.8GiB(12%)]
[DL:1.1MiB][#0076df 359MiB/3.6GiB(9%)][#e161cc 354MiB/2.8GiB(12%)]
[DL:1.2MiB][#0076df 360MiB/3.6GiB(9%)][#e161cc 355MiB/2.8GiB(12%)]
[DL:1.1MiB][#0076df 360MiB/3.6GiB(9%)][#e161cc 355MiB/2.8GiB(12%)]
[DL:0.9MiB][#0076df 360MiB/3.6GiB(9%)][#e161cc 356MiB/2.8GiB(12%)]
[DL:1.1MiB][#0076df 362MiB/3.6GiB(9%)][#e161cc 357MiB/2.8GiB(12%)]
[DL:1.1MiB][#0076df 363MiB/3.6GiB(9%)][#e161cc 358MiB/2.8GiB(12%)]
[DL:1.1MiB][#0076df 363MiB/3.6GiB(9%)][#e161cc 358MiB/2.8GiB(12%)]
[DL:1.2MiB][#0076df 364MiB/3.6GiB(9%)][#e161cc 359MiB/2.8GiB(12%)]
[DL:1.1MiB][#0076df 364MiB/3.6GiB(9%)][#e161cc 359MiB/2.8GiB(12%)]
[DL:1.1MiB][#0076df 364MiB/3.6GiB(9%)][#e161cc 359MiB/2.8GiB(12%)]
[DL:1.1MiB][#0076df 365MiB/3.6GiB(9%)][#e161cc 360MiB/2.8GiB(12%)]
[DL:1.2MiB][#0076df 365MiB/3.6GiB(9%)][#e161cc 361MiB/2.8GiB(12%)]
[DL:1.1MiB][#0076df 366MiB/3.6GiB(9%)][#e161cc 361MiB/2.8GiB(12%)]
[DL:0.9MiB][#0076df 366MiB/3.6GiB(9%)][#e161cc 361MiB/2.8GiB(12%)]
[DL:1.1MiB][#0076df 368MiB/3.6GiB(9%)][#e161cc 363MiB/2.8GiB(12%)]
[DL:1.1MiB][#0076df 368MiB/3.6GiB(9%)][#e161cc 364MiB/2.8GiB(12%)]
[DL:1.3MiB][#0076df 369MiB/3.6GiB(9%)][#e161cc 364MiB/2.8GiB(12%)]
[DL:1.1MiB][#0076df 369MiB/3.6GiB(9%)][#e161cc 364MiB/2.8GiB(12%)]
[DL:1.1MiB][#0076df 370MiB/3.6GiB(9%)][#e161cc 365MiB/2.8GiB(12%)]
[DL:1.1MiB][#0076df 370MiB/3.6GiB(9%)][#e161cc 365MiB/2.8GiB(12%)]
[DL:1.1MiB][#0076df 371MiB/3.6GiB(9%)][#e161cc 366MiB/2.8GiB(12%)]
[DL:1.2MiB][#0076df 372MiB/3.6GiB(9%)][#e161cc 367MiB/2.8GiB(12%)]
[DL:1.1MiB][#0076df 372MiB/3.6GiB(9%)][#e161cc 367MiB/2.8GiB(12%)]
[DL:0.9MiB][#0076df 372MiB/3.6GiB(9%)][#e161cc 367MiB/2.8GiB(12%)]
[DL:1.1MiB][#0076df 374MiB/3.6GiB(9%)][#e161cc 369MiB/2.8GiB(12%)]
[DL:1.2MiB][#0076df 374MiB/3.6GiB(9%)][#e161cc 369MiB/2.8GiB(12%)]
[DL:1.1MiB][#0076df 374MiB/3.6GiB(9%)][#e161cc 369MiB/2.8GiB(12%)]
[DL:1.1MiB][#0076df 375MiB/3.6GiB(9%)][#e161cc 370MiB/2.8GiB(12%)]
[DL:1.1MiB][#0076df 375MiB/3.6GiB(9%)][#e161cc 371MiB/2.8GiB(12%)]
[DL:1.1MiB][#0076df 376MiB/3.6GiB(9%)][#e161cc 371MiB/2.8GiB(12%)]
[DL:1.1MiB][#0076df 377MiB/3.6GiB(9%)][#e161cc 372MiB/2.8GiB(12%)]
[DL:1.2MiB][#0076df 377MiB/3.6GiB(9%)][#e161cc 372MiB/2.8GiB(12%)]
[DL:1.1MiB][#0076df 377MiB/3.6GiB(9%)][#e161cc 373MiB/2.8GiB(12%)]
[DL:0.9MiB][#0076df 378MiB/3.6GiB(10%)][#e161cc 373MiB/2.8GiB(12%)]
[DL:1.2MiB][#0076df 380MiB/3.6GiB(10%)][#e161cc 375MiB/2.8GiB(12%)]
[DL:1.1MiB][#0076df 380MiB/3.6GiB(10%)][#e161cc 375MiB/2.8GiB(12%)]
[DL:1.1MiB][#0076df 380MiB/3.6GiB(10%)][#e161cc 375MiB/2.8GiB(12%)]
[DL:1.1MiB][#0076df 381MiB/3.6GiB(10%)][#e161cc 376MiB/2.8GiB(12%)]
[DL:1.1MiB][#0076df 381MiB/3.6GiB(10%)][#e161cc 376MiB/2.8GiB(12%)]
[DL:1.1MiB][#0076df 382MiB/3.6GiB(10%)][#e161cc 377MiB/2.8GiB(13%)]
[DL:1.1MiB][#0076df 383MiB/3.6GiB(10%)][#e161cc 378MiB/2.8GiB(13%)]
[DL:1.2MiB][#0076df 383MiB/3.6GiB(10%)][#e161cc 378MiB/2.8GiB(13%)]
[DL:1.1MiB][#0076df 383MiB/3.6GiB(10%)][#e161cc 378MiB/2.8GiB(13%)]
[DL:0.9MiB][#0076df 384MiB/3.6GiB(10%)][#e161cc 379MiB/2.8GiB(13%)]
[DL:1.2MiB][#0076df 385MiB/3.6GiB(10%)][#e161cc 380MiB/2.8GiB(13%)]
[DL:1.1MiB][#0076df 385MiB/3.6GiB(10%)][#e161cc 380MiB/2.8GiB(13%)]
[DL:1.1MiB][#0076df 386MiB/3.6GiB(10%)][#e161cc 381MiB/2.8GiB(13%)]
[DL:1.1MiB][#0076df 387MiB/3.6GiB(10%)][#e161cc 382MiB/2.8GiB(13%)]
[DL:1.1MiB][#0076df 387MiB/3.6GiB(10%)][#e161cc 382MiB/2.8GiB(13%)]
[DL:1.1MiB][#0076df 388MiB/3.6GiB(10%)][#e161cc 383MiB/2.8GiB(13%)]
[DL:1.1MiB][#0076df 388MiB/3.6GiB(10%)][#e161cc 383MiB/2.8GiB(13%)]
[DL:1.2MiB][#0076df 389MiB/3.6GiB(10%)][#e161cc 384MiB/2.8GiB(13%)]
[DL:1.1MiB][#0076df 389MiB/3.6GiB(10%)][#e161cc 384MiB/2.8GiB(13%)]
[DL:0.9MiB][#0076df 390MiB/3.6GiB(10%)][#e161cc 385MiB/2.8GiB(13%)]
[DL:1.2MiB][#0076df 391MiB/3.6GiB(10%)][#e161cc 386MiB/2.8GiB(13%)]
[DL:1.1MiB][#0076df 391MiB/3.6GiB(10%)][#e161cc 386MiB/2.8GiB(13%)]
[DL:1.1MiB][#0076df 392MiB/3.6GiB(10%)][#e161cc 387MiB/2.8GiB(13%)]
[DL:1.1MiB][#0076df 393MiB/3.6GiB(10%)][#e161cc 387MiB/2.8GiB(13%)]
[DL:1.1MiB][#0076df 393MiB/3.6GiB(10%)][#e161cc 388MiB/2.8GiB(13%)]
[DL:1.1MiB][#0076df 394MiB/3.6GiB(10%)][#e161cc 388MiB/2.8GiB(13%)]
[DL:1.1MiB][#0076df 394MiB/3.6GiB(10%)][#e161cc 389MiB/2.8GiB(13%)]
[DL:1.2MiB][#0076df 395MiB/3.6GiB(10%)][#e161cc 390MiB/2.8GiB(13%)]
[DL:1.1MiB][#0076df 395MiB/3.6GiB(10%)][#e161cc 390MiB/2.8GiB(13%)]
[DL:0.9MiB][#0076df 396MiB/3.6GiB(10%)][#e161cc 390MiB/2.8GiB(13%)]
[DL:1.2MiB][#0076df 397MiB/3.6GiB(10%)][#e161cc 392MiB/2.8GiB(13%)]
[DL:1.1MiB][#0076df 397MiB/3.6GiB(10%)][#e161cc 392MiB/2.8GiB(13%)]
[DL:1.1MiB][#0076df 398MiB/3.6GiB(10%)][#e161cc 393MiB/2.8GiB(13%)]
[DL:1.1MiB][#0076df 398MiB/3.6GiB(10%)][#e161cc 393MiB/2.8GiB(13%)]
[DL:1.1MiB][#0076df 399MiB/3.6GiB(10%)][#e161cc 394MiB/2.8GiB(13%)]
[DL:1.1MiB][#0076df 399MiB/3.6GiB(10%)][#e161cc 394MiB/2.8GiB(13%)]
[DL:1.1MiB][#0076df 400MiB/3.6GiB(10%)][#e161cc 395MiB/2.8GiB(13%)]
[DL:1.2MiB][#0076df 401MiB/3.6GiB(10%)][#e161cc 395MiB/2.8GiB(13%)]
[DL:1.1MiB][#0076df 401MiB/3.6GiB(10%)][#e161cc 396MiB/2.8GiB(13%)]
[DL:0.9MiB][#0076df 401MiB/3.6GiB(10%)][#e161cc 396MiB/2.8GiB(13%)]
[DL:1.2MiB][#0076df 403MiB/3.6GiB(10%)][#e161cc 398MiB/2.8GiB(13%)]
[DL:1.1MiB][#0076df 403MiB/3.6GiB(10%)][#e161cc 398MiB/2.8GiB(13%)]
[DL:1.1MiB][#0076df 404MiB/3.6GiB(10%)][#e161cc 398MiB/2.8GiB(13%)]
[DL:1.1MiB][#0076df 404MiB/3.6GiB(10%)][#e161cc 399MiB/2.8GiB(13%)]
[DL:1.1MiB][#0076df 405MiB/3.6GiB(10%)][#e161cc 399MiB/2.8GiB(13%)]
[DL:1.1MiB][#0076df 405MiB/3.6GiB(10%)][#e161cc 400MiB/2.8GiB(13%)]
[DL:1.1MiB][#0076df 406MiB/3.6GiB(10%)][#e161cc 401MiB/2.8GiB(13%)]
[DL:1.2MiB][#0076df 407MiB/3.6GiB(10%)][#e161cc 402MiB/2.8GiB(13%)]
[DL:1.1MiB][#0076df 407MiB/3.6GiB(10%)][#e161cc 402MiB/2.8GiB(13%)]
[DL:0.9MiB][#0076df 408MiB/3.6GiB(10%)][#e161cc 402MiB/2.8GiB(13%)]
[DL:1.2MiB][#0076df 409MiB/3.6GiB(10%)][#e161cc 404MiB/2.8GiB(13%)]
[DL:1.1MiB][#0076df 409MiB/3.6GiB(10%)][#e161cc 404MiB/2.8GiB(13%)]
[DL:1.1MiB][#0076df 410MiB/3.6GiB(10%)][#e161cc 404MiB/2.8GiB(13%)]
[DL:1.1MiB][#0076df 410MiB/3.6GiB(10%)][#e161cc 405MiB/2.8GiB(13%)]
[DL:1.1MiB][#0076df 411MiB/3.6GiB(10%)][#e161cc 405MiB/2.8GiB(13%)]
[DL:1.1MiB][#0076df 411MiB/3.6GiB(10%)][#e161cc 406MiB/2.8GiB(14%)]
[DL:1.1MiB][#0076df 412MiB/3.6GiB(10%)][#e161cc 407MiB/2.8GiB(14%)]
[DL:1.2MiB][#0076df 413MiB/3.6GiB(10%)][#e161cc 407MiB/2.8GiB(14%)]
[DL:1.1MiB][#0076df 413MiB/3.6GiB(10%)][#e161cc 407MiB/2.8GiB(14%)]
[DL:0.9MiB][#0076df 413MiB/3.6GiB(10%)][#e161cc 408MiB/2.8GiB(14%)]
[DL:1.2MiB][#0076df 415MiB/3.6GiB(10%)][#e161cc 409MiB/2.8GiB(14%)]
[DL:1.1MiB][#0076df 415MiB/3.6GiB(10%)][#e161cc 409MiB/2.8GiB(14%)]
[DL:1.1MiB][#0076df 416MiB/3.6GiB(10%)][#e161cc 410MiB/2.8GiB(14%)]
[DL:1.1MiB][#0076df 416MiB/3.6GiB(11%)][#e161cc 411MiB/2.8GiB(14%)]
[DL:1.1MiB][#0076df 417MiB/3.6GiB(11%)][#e161cc 411MiB/2.8GiB(14%)]
[DL:1.1MiB][#0076df 417MiB/3.6GiB(11%)][#e161cc 412MiB/2.8GiB(14%)]
[DL:1.1MiB][#0076df 418MiB/3.6GiB(11%)][#e161cc 412MiB/2.8GiB(14%)]
[DL:1.2MiB][#0076df 418MiB/3.6GiB(11%)][#e161cc 413MiB/2.8GiB(14%)]
[DL:1.1MiB][#0076df 419MiB/3.6GiB(11%)][#e161cc 413MiB/2.8GiB(14%)]
[DL:0.9MiB][#0076df 419MiB/3.6GiB(11%)][#e161cc 414MiB/2.8GiB(14%)]
[DL:1.2MiB][#0076df 421MiB/3.6GiB(11%)][#e161cc 415MiB/2.8GiB(14%)]
[DL:1.1MiB][#0076df 421MiB/3.6GiB(11%)][#e161cc 415MiB/2.8GiB(14%)]
[DL:1.1MiB][#0076df 421MiB/3.6GiB(11%)][#e161cc 416MiB/2.8GiB(14%)]
[DL:1.1MiB][#0076df 422MiB/3.6GiB(11%)][#e161cc 416MiB/2.8GiB(14%)]
[DL:1.1MiB][#0076df 422MiB/3.6GiB(11%)][#e161cc 417MiB/2.8GiB(14%)]
[DL:1.1MiB][#0076df 423MiB/3.6GiB(11%)][#e161cc 417MiB/2.8GiB(14%)]
[DL:1.1MiB][#0076df 424MiB/3.6GiB(11%)][#e161cc 418MiB/2.8GiB(14%)]
[DL:1.2MiB][#0076df 424MiB/3.6GiB(11%)][#e161cc 419MiB/2.8GiB(14%)]
[DL:1.1MiB][#0076df 424MiB/3.6GiB(11%)][#e161cc 419MiB/2.8GiB(14%)]
[DL:0.9MiB][#0076df 425MiB/3.6GiB(11%)][#e161cc 419MiB/2.8GiB(14%)]
[DL:1.2MiB][#0076df 426MiB/3.6GiB(11%)][#e161cc 421MiB/2.8GiB(14%)]
[DL:1.1MiB][#0076df 426MiB/3.6GiB(11%)][#e161cc 421MiB/2.8GiB(14%)]
[DL:1.1MiB][#0076df 427MiB/3.6GiB(11%)][#e161cc 421MiB/2.8GiB(14%)]
[DL:1.1MiB][#0076df 428MiB/3.6GiB(11%)][#e161cc 422MiB/2.8GiB(14%)]
[DL:1.1MiB][#0076df 428MiB/3.6GiB(11%)][#e161cc 423MiB/2.8GiB(14%)]
[DL:1.1MiB][#0076df 429MiB/3.6GiB(11%)][#e161cc 423MiB/2.8GiB(14%)]
[DL:1.1MiB][#0076df 429MiB/3.6GiB(11%)][#e161cc 424MiB/2.8GiB(14%)]
[DL:1.2MiB][#0076df 430MiB/3.6GiB(11%)][#e161cc 424MiB/2.8GiB(14%)]
[DL:1.1MiB][#0076df 430MiB/3.6GiB(11%)][#e161cc 425MiB/2.8GiB(14%)]
[DL:0.9MiB][#0076df 431MiB/3.6GiB(11%)][#e161cc 425MiB/2.8GiB(14%)]
[DL:1.2MiB][#0076df 432MiB/3.6GiB(11%)][#e161cc 427MiB/2.8GiB(14%)]
[DL:1.1MiB][#0076df 432MiB/3.6GiB(11%)][#e161cc 427MiB/2.8GiB(14%)]
[DL:1.1MiB][#0076df 433MiB/3.6GiB(11%)][#e161cc 427MiB/2.8GiB(14%)]
[DL:1.1MiB][#0076df 434MiB/3.6GiB(11%)][#e161cc 428MiB/2.8GiB(14%)]
[DL:1.1MiB][#0076df 434MiB/3.6GiB(11%)][#e161cc 428MiB/2.8GiB(14%)]
[DL:1.1MiB][#0076df 435MiB/3.6GiB(11%)][#e161cc 429MiB/2.8GiB(14%)]
[DL:1.1MiB][#0076df 435MiB/3.6GiB(11%)][#e161cc 429MiB/2.8GiB(14%)]
[DL:1.2MiB][#0076df 436MiB/3.6GiB(11%)][#e161cc 430MiB/2.8GiB(14%)]
[DL:1.1MiB][#0076df 436MiB/3.6GiB(11%)][#e161cc 430MiB/2.8GiB(14%)]
[DL:0.9MiB][#0076df 437MiB/3.6GiB(11%)][#e161cc 431MiB/2.8GiB(14%)]
[DL:1.2MiB][#0076df 438MiB/3.6GiB(11%)][#e161cc 432MiB/2.8GiB(14%)]
[DL:1.1MiB][#0076df 438MiB/3.6GiB(11%)][#e161cc 432MiB/2.8GiB(14%)]
[DL:1.1MiB][#0076df 439MiB/3.6GiB(11%)][#e161cc 433MiB/2.8GiB(14%)]
[DL:1.1MiB][#0076df 439MiB/3.6GiB(11%)][#e161cc 434MiB/2.8GiB(14%)]
[DL:139KiB][#0076df 439MiB/3.6GiB(11%)][#e161cc 434MiB/2.8GiB(14%)]
[DL:1.1MiB][#0076df 445MiB/3.6GiB(11%)][#e161cc 439MiB/2.8GiB(15%)]
[DL:5.5MiB][#0076df 445MiB/3.6GiB(11%)][#e161cc 439MiB/2.8GiB(15%)]
[DL:3.7MiB][#0076df 445MiB/3.6GiB(11%)][#e161cc 439MiB/2.8GiB(15%)]
[DL:2.8MiB][#0076df 445MiB/3.6GiB(11%)][#e161cc 439MiB/2.8GiB(15%)]
[DL:2.2MiB][#0076df 445MiB/3.6GiB(11%)][#e161cc 439MiB/2.8GiB(15%)]
[DL:1.9MiB][#0076df 445MiB/3.6GiB(11%)][#e161cc 439MiB/2.8GiB(15%)]
[DL:1.6MiB][#0076df 445MiB/3.6GiB(11%)][#e161cc 439MiB/2.8GiB(15%)]
[DL:1.4MiB][#0076df 445MiB/3.6GiB(11%)][#e161cc 439MiB/2.8GiB(15%)]
[DL:1.2MiB][#0076df 445MiB/3.6GiB(11%)][#e161cc 439MiB/2.8GiB(15%)]
[DL:136KiB][#0076df 445MiB/3.6GiB(11%)][#e161cc 439MiB/2.8GiB(15%)]
[DL:10MiB][#0076df 450MiB/3.6GiB(11%)][#e161cc 444MiB/2.8GiB(15%)]
[DL:5.0MiB][#0076df 450MiB/3.6GiB(11%)][#e161cc 444MiB/2.8GiB(15%)]
[DL:3.4MiB][#0076df 450MiB/3.6GiB(11%)][#e161cc 444MiB/2.8GiB(15%)]
[DL:2.5MiB][#0076df 450MiB/3.6GiB(11%)][#e161cc 444MiB/2.8GiB(15%)]
[DL:2.0MiB][#0076df 450MiB/3.6GiB(11%)][#e161cc 444MiB/2.8GiB(15%)]
[DL:1.7MiB][#0076df 450MiB/3.6GiB(11%)][#e161cc 444MiB/2.8GiB(15%)]
[DL:1.4MiB][#0076df 450MiB/3.6GiB(11%)][#e161cc 444MiB/2.8GiB(15%)]
[DL:1.2MiB][#0076df 450MiB/3.6GiB(11%)][#e161cc 444MiB/2.8GiB(15%)]
[DL:1.1MiB][#0076df 450MiB/3.6GiB(11%)][#e161cc 444MiB/2.8GiB(15%)]
[DL:1.1MiB][#0076df 451MiB/3.6GiB(11%)][#e161cc 445MiB/2.8GiB(15%)]
[DL:655KiB][#0076df 451MiB/3.6GiB(11%)][#e161cc 445MiB/2.8GiB(15%)]
[DL:867KiB][#0076df 452MiB/3.6GiB(11%)][#e161cc 446MiB/2.8GiB(15%)]
[DL:0.9MiB][#0076df 452MiB/3.6GiB(11%)][#e161cc 446MiB/2.8GiB(15%)]
[DL:1.0MiB][#0076df 453MiB/3.6GiB(11%)][#e161cc 447MiB/2.8GiB(15%)]
[DL:1.0MiB][#0076df 453MiB/3.6GiB(12%)][#e161cc 448MiB/2.8GiB(15%)]
[DL:1.0MiB][#0076df 454MiB/3.6GiB(12%)][#e161cc 448MiB/2.8GiB(15%)]
[DL:1.1MiB][#0076df 455MiB/3.6GiB(12%)][#e161cc 449MiB/2.8GiB(15%)]
[DL:1.1MiB][#0076df 455MiB/3.6GiB(12%)][#e161cc 450MiB/2.8GiB(15%)]
[DL:1.1MiB][#0076df 456MiB/3.6GiB(12%)][#e161cc 450MiB/2.8GiB(15%)]
[DL:1.2MiB][#0076df 457MiB/3.6GiB(12%)][#e161cc 451MiB/2.8GiB(15%)]
[DL:1.1MiB][#0076df 457MiB/3.6GiB(12%)][#e161cc 451MiB/2.8GiB(15%)]
[DL:1.1MiB][#0076df 457MiB/3.6GiB(12%)][#e161cc 451MiB/2.8GiB(15%)]
[DL:1.1MiB][#0076df 458MiB/3.6GiB(12%)][#e161cc 452MiB/2.8GiB(15%)]
[DL:1.1MiB][#0076df 459MiB/3.6GiB(12%)][#e161cc 453MiB/2.8GiB(15%)]
[DL:1.1MiB][#0076df 459MiB/3.6GiB(12%)][#e161cc 453MiB/2.8GiB(15%)]
[DL:1.1MiB][#0076df 460MiB/3.6GiB(12%)][#e161cc 454MiB/2.8GiB(15%)]
[DL:1.1MiB][#0076df 461MiB/3.6GiB(12%)][#e161cc 455MiB/2.8GiB(15%)]
[DL:1.1MiB][#0076df 461MiB/3.6GiB(12%)][#e161cc 455MiB/2.8GiB(15%)]
[DL:1.1MiB][#0076df 462MiB/3.6GiB(12%)][#e161cc 456MiB/2.8GiB(15%)]
[DL:1.2MiB][#0076df 462MiB/3.6GiB(12%)][#e161cc 456MiB/2.8GiB(15%)]
[DL:1.1MiB][#0076df 462MiB/3.6GiB(12%)][#e161cc 457MiB/2.8GiB(15%)]
[DL:1.1MiB][#0076df 463MiB/3.6GiB(12%)][#e161cc 457MiB/2.8GiB(15%)]
[DL:1.1MiB][#0076df 464MiB/3.6GiB(12%)][#e161cc 458MiB/2.8GiB(15%)]
[DL:1.1MiB][#0076df 464MiB/3.6GiB(12%)][#e161cc 458MiB/2.8GiB(15%)]
[DL:1.1MiB][#0076df 465MiB/3.6GiB(12%)][#e161cc 459MiB/2.8GiB(15%)]
[DL:1.1MiB][#0076df 466MiB/3.6GiB(12%)][#e161cc 460MiB/2.8GiB(15%)]
[DL:1.1MiB][#0076df 466MiB/3.6GiB(12%)][#e161cc 460MiB/2.8GiB(15%)]
[DL:1.1MiB][#0076df 467MiB/3.6GiB(12%)][#e161cc 461MiB/2.8GiB(15%)]
[DL:1.1MiB][#0076df 468MiB/3.6GiB(12%)][#e161cc 462MiB/2.8GiB(15%)]
[DL:1.2MiB][#0076df 468MiB/3.6GiB(12%)][#e161cc 462MiB/2.8GiB(15%)]
[DL:1.1MiB][#0076df 468MiB/3.6GiB(12%)][#e161cc 462MiB/2.8GiB(15%)]
[DL:1.1MiB][#0076df 469MiB/3.6GiB(12%)][#e161cc 463MiB/2.8GiB(15%)]
[DL:1.1MiB][#0076df 470MiB/3.6GiB(12%)][#e161cc 463MiB/2.8GiB(15%)]
[DL:1.1MiB][#0076df 470MiB/3.6GiB(12%)][#e161cc 464MiB/2.8GiB(16%)]
[DL:1.1MiB][#0076df 471MiB/3.6GiB(12%)][#e161cc 465MiB/2.8GiB(16%)]
[DL:1.1MiB][#0076df 471MiB/3.6GiB(12%)][#e161cc 465MiB/2.8GiB(16%)]
[DL:1.1MiB][#0076df 472MiB/3.6GiB(12%)][#e161cc 466MiB/2.8GiB(16%)]
[DL:1.1MiB][#0076df 473MiB/3.6GiB(12%)][#e161cc 467MiB/2.8GiB(16%)]
[DL:1.1MiB][#0076df 473MiB/3.6GiB(12%)][#e161cc 467MiB/2.8GiB(16%)]
[DL:1.2MiB][#0076df 474MiB/3.6GiB(12%)][#e161cc 468MiB/2.8GiB(16%)]
[DL:1.1MiB][#0076df 474MiB/3.6GiB(12%)][#e161cc 468MiB/2.8GiB(16%)]
[DL:1.1MiB][#0076df 475MiB/3.6GiB(12%)][#e161cc 469MiB/2.8GiB(16%)]
[DL:1.1MiB][#0076df 475MiB/3.6GiB(12%)][#e161cc 469MiB/2.8GiB(16%)]
[DL:1.1MiB][#0076df 476MiB/3.6GiB(12%)][#e161cc 470MiB/2.8GiB(16%)]
[DL:1.1MiB][#0076df 477MiB/3.6GiB(12%)][#e161cc 470MiB/2.8GiB(16%)]
[DL:1.1MiB][#0076df 477MiB/3.6GiB(12%)][#e161cc 471MiB/2.8GiB(16%)]
[DL:1.1MiB][#0076df 478MiB/3.6GiB(12%)][#e161cc 472MiB/2.8GiB(16%)]
[DL:1.1MiB][#0076df 479MiB/3.6GiB(12%)][#e161cc 472MiB/2.8GiB(16%)]
[DL:1.1MiB][#0076df 479MiB/3.6GiB(12%)][#e161cc 473MiB/2.8GiB(16%)]
[DL:1.2MiB][#0076df 480MiB/3.6GiB(12%)][#e161cc 474MiB/2.8GiB(16%)]
[DL:1.1MiB][#0076df 480MiB/3.6GiB(12%)][#e161cc 474MiB/2.8GiB(16%)]
[DL:1.1MiB][#0076df 480MiB/3.6GiB(12%)][#e161cc 474MiB/2.8GiB(16%)]
[DL:1.1MiB][#0076df 481MiB/3.6GiB(12%)][#e161cc 475MiB/2.8GiB(16%)]
[DL:1.1MiB][#0076df 482MiB/3.6GiB(12%)][#e161cc 476MiB/2.8GiB(16%)]
[DL:1.1MiB][#0076df 482MiB/3.6GiB(12%)][#e161cc 476MiB/2.8GiB(16%)]
[DL:1.1MiB][#0076df 483MiB/3.6GiB(12%)][#e161cc 477MiB/2.8GiB(16%)]
[DL:1.1MiB][#0076df 484MiB/3.6GiB(12%)][#e161cc 477MiB/2.8GiB(16%)]
[DL:1.1MiB][#0076df 484MiB/3.6GiB(12%)][#e161cc 478MiB/2.8GiB(16%)]
[DL:1.1MiB][#0076df 485MiB/3.6GiB(12%)][#e161cc 479MiB/2.8GiB(16%)]
[DL:1.2MiB][#0076df 486MiB/3.6GiB(12%)][#e161cc 479MiB/2.8GiB(16%)]
[DL:1.1MiB][#0076df 486MiB/3.6GiB(12%)][#e161cc 479MiB/2.8GiB(16%)]
[DL:1.1MiB][#0076df 486MiB/3.6GiB(12%)][#e161cc 480MiB/2.8GiB(16%)]
[DL:1.1MiB][#0076df 487MiB/3.6GiB(12%)][#e161cc 481MiB/2.8GiB(16%)]
[DL:1.1MiB][#0076df 488MiB/3.6GiB(12%)][#e161cc 481MiB/2.8GiB(16%)]
[DL:1.1MiB][#0076df 488MiB/3.6GiB(12%)][#e161cc 482MiB/2.8GiB(16%)]
[DL:1.1MiB][#0076df 489MiB/3.6GiB(12%)][#e161cc 483MiB/2.8GiB(16%)]
[DL:1.1MiB][#0076df 490MiB/3.6GiB(12%)][#e161cc 483MiB/2.8GiB(16%)]
[DL:1.1MiB][#0076df 490MiB/3.6GiB(12%)][#e161cc 484MiB/2.8GiB(16%)]
[DL:1.1MiB][#0076df 491MiB/3.6GiB(12%)][#e161cc 484MiB/2.8GiB(16%)]
[DL:1.2MiB][#0076df 491MiB/3.6GiB(13%)][#e161cc 485MiB/2.8GiB(16%)]
[DL:1.1MiB][#0076df 491MiB/3.6GiB(13%)][#e161cc 485MiB/2.8GiB(16%)]
[DL:1.1MiB][#0076df 492MiB/3.6GiB(13%)][#e161cc 486MiB/2.8GiB(16%)]
[DL:1.1MiB][#0076df 493MiB/3.6GiB(13%)][#e161cc 486MiB/2.8GiB(16%)]
[DL:1.1MiB][#0076df 493MiB/3.6GiB(13%)][#e161cc 487MiB/2.8GiB(16%)]
[DL:1.1MiB][#0076df 494MiB/3.6GiB(13%)][#e161cc 488MiB/2.8GiB(16%)]
[DL:1.1MiB][#0076df 495MiB/3.6GiB(13%)][#e161cc 488MiB/2.8GiB(16%)]
[DL:1.1MiB][#0076df 495MiB/3.6GiB(13%)][#e161cc 489MiB/2.8GiB(16%)]
[DL:1.1MiB][#0076df 496MiB/3.6GiB(13%)][#e161cc 490MiB/2.8GiB(16%)]
[DL:1.1MiB][#0076df 497MiB/3.6GiB(13%)][#e161cc 490MiB/2.8GiB(16%)]
[DL:1.2MiB][#0076df 497MiB/3.6GiB(13%)][#e161cc 491MiB/2.8GiB(16%)]
[DL:1.1MiB][#0076df 497MiB/3.6GiB(13%)][#e161cc 491MiB/2.8GiB(16%)]
[DL:1.1MiB][#0076df 498MiB/3.6GiB(13%)][#e161cc 491MiB/2.8GiB(16%)]
[DL:1.1MiB][#0076df 499MiB/3.6GiB(13%)][#e161cc 492MiB/2.8GiB(16%)]
[DL:1.1MiB][#0076df 499MiB/3.6GiB(13%)][#e161cc 493MiB/2.8GiB(16%)]
[DL:1.1MiB][#0076df 500MiB/3.6GiB(13%)][#e161cc 493MiB/2.8GiB(17%)]
[DL:1.1MiB][#0076df 501MiB/3.6GiB(13%)][#e161cc 494MiB/2.8GiB(17%)]
[DL:1.1MiB][#0076df 501MiB/3.6GiB(13%)][#e161cc 495MiB/2.8GiB(17%)]
 *** Download Progress Summary as of Sat Aug 15 22:47:58 2026 *** 
===============================================================================
[#0076df 502MiB/3.6GiB(13%) CN:1 DL:583KiB ETA:1h35m59s]
FILE: /srv/modelstripe/qwen/Qwen3.8-27B/6026d6bb4baa574f54205e2894816127bcf444bb4f727aa76a4fd3c90e810140
-------------------------------------------------------------------------------
[#e161cc 495MiB/2.8GiB(17%) CN:1 DL:576KiB ETA:1h11m15s]
FILE: /srv/modelstripe/qwen/Qwen3.8-27B/9c56e976ca79eb9ff5c91e64f51cdefb5f6b2651c96d8569df49033f79642d78
-------------------------------------------------------------------------------

[DL:1.1MiB][#0076df 502MiB/3.6GiB(13%)][#e161cc 495MiB/2.8GiB(17%)]
[DL:1.1MiB][#0076df 502MiB/3.6GiB(13%)][#e161cc 496MiB/2.8GiB(17%)]
[DL:1.2MiB][#0076df 503MiB/3.6GiB(13%)][#e161cc 497MiB/2.8GiB(17%)]
[DL:1.1MiB][#0076df 503MiB/3.6GiB(13%)][#e161cc 497MiB/2.8GiB(17%)]
[DL:1.1MiB][#0076df 504MiB/3.6GiB(13%)][#e161cc 497MiB/2.8GiB(17%)]
[DL:1.1MiB][#0076df 504MiB/3.6GiB(13%)][#e161cc 498MiB/2.8GiB(17%)]
[DL:1.1MiB][#0076df 505MiB/3.6GiB(13%)][#e161cc 499MiB/2.8GiB(17%)]
[DL:1.1MiB][#0076df 506MiB/3.6GiB(13%)][#e161cc 499MiB/2.8GiB(17%)]
[DL:1.1MiB][#0076df 506MiB/3.6GiB(13%)][#e161cc 500MiB/2.8GiB(17%)]
[DL:1.1MiB][#0076df 507MiB/3.6GiB(13%)][#e161cc 500MiB/2.8GiB(17%)]
[DL:1.1MiB][#0076df 508MiB/3.6GiB(13%)][#e161cc 501MiB/2.8GiB(17%)]
[DL:1.1MiB][#0076df 508MiB/3.6GiB(13%)][#e161cc 502MiB/2.8GiB(17%)]
[DL:1.2MiB][#0076df 509MiB/3.6GiB(13%)][#e161cc 502MiB/2.8GiB(17%)]
[DL:1.1MiB][#0076df 509MiB/3.6GiB(13%)][#e161cc 502MiB/2.8GiB(17%)]
[DL:1.1MiB][#0076df 510MiB/3.6GiB(13%)][#e161cc 503MiB/2.8GiB(17%)]
[DL:1.1MiB][#0076df 510MiB/3.6GiB(13%)][#e161cc 504MiB/2.8GiB(17%)]
[DL:1.1MiB][#0076df 511MiB/3.6GiB(13%)][#e161cc 504MiB/2.8GiB(17%)]
[DL:1.1MiB][#0076df 512MiB/3.6GiB(13%)][#e161cc 505MiB/2.8GiB(17%)]
[DL:1.1MiB][#0076df 512MiB/3.6GiB(13%)][#e161cc 506MiB/2.8GiB(17%)]
[DL:1.1MiB][#0076df 513MiB/3.6GiB(13%)][#e161cc 506MiB/2.8GiB(17%)]
[DL:1.1MiB][#0076df 514MiB/3.6GiB(13%)][#e161cc 507MiB/2.8GiB(17%)]
[DL:1.1MiB][#0076df 514MiB/3.6GiB(13%)][#e161cc 508MiB/2.8GiB(17%)]
[DL:1.2MiB][#0076df 515MiB/3.6GiB(13%)][#e161cc 508MiB/2.8GiB(17%)]
[DL:1.1MiB][#0076df 515MiB/3.6GiB(13%)][#e161cc 508MiB/2.8GiB(17%)]
[DL:1.1MiB][#0076df 516MiB/3.6GiB(13%)][#e161cc 509MiB/2.8GiB(17%)]
[DL:1.1MiB][#0076df 516MiB/3.6GiB(13%)][#e161cc 509MiB/2.8GiB(17%)]
[DL:1.1MiB][#0076df 517MiB/3.6GiB(13%)][#e161cc 510MiB/2.8GiB(17%)]
[DL:1.1MiB][#0076df 517MiB/3.6GiB(13%)][#e161cc 511MiB/2.8GiB(17%)]
[DL:1.1MiB][#0076df 518MiB/3.6GiB(13%)][#e161cc 511MiB/2.8GiB(17%)]
[DL:1.1MiB][#0076df 519MiB/3.6GiB(13%)][#e161cc 512MiB/2.8GiB(17%)]
[DL:1.1MiB][#0076df 519MiB/3.6GiB(13%)][#e161cc 513MiB/2.8GiB(17%)]
[DL:1.1MiB][#0076df 520MiB/3.6GiB(13%)][#e161cc 513MiB/2.8GiB(17%)]
[DL:1.2MiB][#0076df 521MiB/3.6GiB(13%)][#e161cc 514MiB/2.8GiB(17%)]
[DL:1.1MiB][#0076df 521MiB/3.6GiB(13%)][#e161cc 514MiB/2.8GiB(17%)]
[DL:1.1MiB][#0076df 521MiB/3.6GiB(13%)][#e161cc 514MiB/2.8GiB(17%)]
[DL:1.1MiB][#0076df 522MiB/3.6GiB(13%)][#e161cc 515MiB/2.8GiB(17%)]
[DL:1.1MiB][#0076df 523MiB/3.6GiB(13%)][#e161cc 516MiB/2.8GiB(17%)]
[DL:1.1MiB][#0076df 523MiB/3.6GiB(13%)][#e161cc 516MiB/2.8GiB(17%)]
[DL:1.1MiB][#0076df 524MiB/3.6GiB(13%)][#e161cc 517MiB/2.8GiB(17%)]
[DL:1.1MiB][#0076df 525MiB/3.6GiB(13%)][#e161cc 518MiB/2.8GiB(17%)]
[DL:1.1MiB][#0076df 525MiB/3.6GiB(13%)][#e161cc 518MiB/2.8GiB(17%)]
[DL:1.1MiB][#0076df 526MiB/3.6GiB(13%)][#e161cc 519MiB/2.8GiB(17%)]
[DL:1.2MiB][#0076df 526MiB/3.6GiB(13%)][#e161cc 520MiB/2.8GiB(17%)]
[DL:1.1MiB][#0076df 527MiB/3.6GiB(13%)][#e161cc 520MiB/2.8GiB(17%)]
[DL:1.1MiB][#0076df 527MiB/3.6GiB(13%)][#e161cc 520MiB/2.8GiB(17%)]
[DL:1.1MiB][#0076df 528MiB/3.6GiB(13%)][#e161cc 521MiB/2.8GiB(17%)]
[DL:1.1MiB][#0076df 528MiB/3.6GiB(13%)][#e161cc 522MiB/2.8GiB(17%)]
[DL:1.1MiB][#0076df 529MiB/3.6GiB(13%)][#e161cc 522MiB/2.8GiB(18%)]
[DL:1.1MiB][#0076df 530MiB/3.6GiB(14%)][#e161cc 523MiB/2.8GiB(18%)]
[DL:1.1MiB][#0076df 530MiB/3.6GiB(14%)][#e161cc 523MiB/2.8GiB(18%)]
[DL:1.1MiB][#0076df 531MiB/3.6GiB(14%)][#e161cc 524MiB/2.8GiB(18%)]
[DL:1.1MiB][#0076df 532MiB/3.6GiB(14%)][#e161cc 525MiB/2.8GiB(18%)]
[DL:1.2MiB][#0076df 532MiB/3.6GiB(14%)][#e161cc 525MiB/2.8GiB(18%)]
[DL:1.1MiB][#0076df 532MiB/3.6GiB(14%)][#e161cc 525MiB/2.8GiB(18%)]
[DL:1.1MiB][#0076df 533MiB/3.6GiB(14%)][#e161cc 526MiB/2.8GiB(18%)]
[DL:1.1MiB][#0076df 534MiB/3.6GiB(14%)][#e161cc 527MiB/2.8GiB(18%)]
[DL:1.1MiB][#0076df 534MiB/3.6GiB(14%)][#e161cc 527MiB/2.8GiB(18%)]
[DL:1.1MiB][#0076df 535MiB/3.6GiB(14%)][#e161cc 528MiB/2.8GiB(18%)]
[DL:1.1MiB][#0076df 536MiB/3.6GiB(14%)][#e161cc 529MiB/2.8GiB(18%)]
[DL:1.1MiB][#0076df 536MiB/3.6GiB(14%)][#e161cc 529MiB/2.8GiB(18%)]
[DL:1.1MiB][#0076df 537MiB/3.6GiB(14%)][#e161cc 530MiB/2.8GiB(18%)]
[DL:1.1MiB][#0076df 537MiB/3.6GiB(14%)][#e161cc 530MiB/2.8GiB(18%)]
[DL:1.2MiB][#0076df 538MiB/3.6GiB(14%)][#e161cc 531MiB/2.8GiB(18%)]
[DL:1.1MiB][#0076df 538MiB/3.6GiB(14%)][#e161cc 531MiB/2.8GiB(18%)]
[DL:1.1MiB][#0076df 539MiB/3.6GiB(14%)][#e161cc 532MiB/2.8GiB(18%)]
[DL:1.1MiB][#0076df 539MiB/3.6GiB(14%)][#e161cc 532MiB/2.8GiB(18%)]
[DL:1.1MiB][#0076df 540MiB/3.6GiB(14%)][#e161cc 533MiB/2.8GiB(18%)]
[DL:1.1MiB][#0076df 541MiB/3.6GiB(14%)][#e161cc 534MiB/2.8GiB(18%)]
[DL:1.1MiB][#0076df 541MiB/3.6GiB(14%)][#e161cc 534MiB/2.8GiB(18%)]
[DL:1.1MiB][#0076df 542MiB/3.6GiB(14%)][#e161cc 535MiB/2.8GiB(18%)]
[DL:1.1MiB][#0076df 543MiB/3.6GiB(14%)][#e161cc 536MiB/2.8GiB(18%)]
[DL:1.1MiB][#0076df 543MiB/3.6GiB(14%)][#e161cc 536MiB/2.8GiB(18%)]
[DL:1.2MiB][#0076df 544MiB/3.6GiB(14%)][#e161cc 537MiB/2.8GiB(18%)]
[DL:1.1MiB][#0076df 544MiB/3.6GiB(14%)][#e161cc 537MiB/2.8GiB(18%)]
[DL:1.1MiB][#0076df 545MiB/3.6GiB(14%)][#e161cc 537MiB/2.8GiB(18%)]
[DL:1.1MiB][#0076df 545MiB/3.6GiB(14%)][#e161cc 538MiB/2.8GiB(18%)]
[DL:1.1MiB][#0076df 546MiB/3.6GiB(14%)][#e161cc 539MiB/2.8GiB(18%)]
[DL:1.1MiB][#0076df 547MiB/3.6GiB(14%)][#e161cc 539MiB/2.8GiB(18%)]
[DL:1.1MiB][#0076df 547MiB/3.6GiB(14%)][#e161cc 540MiB/2.8GiB(18%)]
[DL:1.1MiB][#0076df 548MiB/3.6GiB(14%)][#e161cc 541MiB/2.8GiB(18%)]
[DL:1.1MiB][#0076df 548MiB/3.6GiB(14%)][#e161cc 541MiB/2.8GiB(18%)]
[DL:1.1MiB][#0076df 549MiB/3.6GiB(14%)][#e161cc 542MiB/2.8GiB(18%)]
[DL:1.2MiB][#0076df 550MiB/3.6GiB(14%)][#e161cc 542MiB/2.8GiB(18%)]
[DL:1.1MiB][#0076df 550MiB/3.6GiB(14%)][#e161cc 542MiB/2.8GiB(18%)]
[DL:1.1MiB][#0076df 550MiB/3.6GiB(14%)][#e161cc 543MiB/2.8GiB(18%)]
[DL:1.1MiB][#0076df 551MiB/3.6GiB(14%)][#e161cc 544MiB/2.8GiB(18%)]
[DL:1.1MiB][#0076df 552MiB/3.6GiB(14%)][#e161cc 544MiB/2.8GiB(18%)]
[DL:1.1MiB][#0076df 552MiB/3.6GiB(14%)][#e161cc 545MiB/2.8GiB(18%)]
[DL:1.1MiB][#0076df 553MiB/3.6GiB(14%)][#e161cc 546MiB/2.8GiB(18%)]
[DL:1.1MiB][#0076df 554MiB/3.6GiB(14%)][#e161cc 546MiB/2.8GiB(18%)]
[DL:1.1MiB][#0076df 554MiB/3.6GiB(14%)][#e161cc 547MiB/2.8GiB(18%)]
[DL:1.1MiB][#0076df 555MiB/3.6GiB(14%)][#e161cc 548MiB/2.8GiB(18%)]
[DL:1.2MiB][#0076df 555MiB/3.6GiB(14%)][#e161cc 548MiB/2.8GiB(18%)]
[DL:1.1MiB][#0076df 556MiB/3.6GiB(14%)][#e161cc 548MiB/2.8GiB(18%)]
[DL:1.1MiB][#0076df 556MiB/3.6GiB(14%)][#e161cc 549MiB/2.8GiB(18%)]
[DL:1.1MiB][#0076df 557MiB/3.6GiB(14%)][#e161cc 549MiB/2.8GiB(18%)]
[DL:1.1MiB][#0076df 557MiB/3.6GiB(14%)][#e161cc 550MiB/2.8GiB(18%)]
[DL:1.1MiB][#0076df 558MiB/3.6GiB(14%)][#e161cc 551MiB/2.8GiB(18%)]
[DL:1.1MiB][#0076df 559MiB/3.6GiB(14%)][#e161cc 551MiB/2.8GiB(19%)]
[DL:1.1MiB][#0076df 559MiB/3.6GiB(14%)][#e161cc 552MiB/2.8GiB(19%)]
[DL:1.1MiB][#0076df 560MiB/3.6GiB(14%)][#e161cc 553MiB/2.8GiB(19%)]
[DL:1.1MiB][#0076df 561MiB/3.6GiB(14%)][#e161cc 553MiB/2.8GiB(19%)]
[DL:1.2MiB][#0076df 561MiB/3.6GiB(14%)][#e161cc 554MiB/2.8GiB(19%)]
[DL:1.1MiB][#0076df 561MiB/3.6GiB(14%)][#e161cc 554MiB/2.8GiB(19%)]
[DL:1.1MiB][#0076df 562MiB/3.6GiB(14%)][#e161cc 555MiB/2.8GiB(19%)]
[DL:1.1MiB][#0076df 563MiB/3.6GiB(14%)][#e161cc 555MiB/2.8GiB(19%)]
[DL:1.1MiB][#0076df 563MiB/3.6GiB(14%)][#e161cc 556MiB/2.8GiB(19%)]
[DL:1.1MiB][#0076df 564MiB/3.6GiB(14%)][#e161cc 556MiB/2.8GiB(19%)]
[DL:1.1MiB][#0076df 565MiB/3.6GiB(14%)][#e161cc 557MiB/2.8GiB(19%)]
[DL:1.1MiB][#0076df 565MiB/3.6GiB(14%)][#e161cc 558MiB/2.8GiB(19%)]
[DL:1.1MiB][#0076df 566MiB/3.6GiB(14%)][#e161cc 558MiB/2.8GiB(19%)]
[DL:1.1MiB][#0076df 566MiB/3.6GiB(14%)][#e161cc 559MiB/2.8GiB(19%)]
[DL:1.2MiB][#0076df 567MiB/3.6GiB(15%)][#e161cc 560MiB/2.8GiB(19%)]
[DL:1.1MiB][#0076df 567MiB/3.6GiB(15%)][#e161cc 560MiB/2.8GiB(19%)]
[DL:1.1MiB][#0076df 568MiB/3.6GiB(15%)][#e161cc 560MiB/2.8GiB(19%)]
[DL:1.1MiB][#0076df 568MiB/3.6GiB(15%)][#e161cc 561MiB/2.8GiB(19%)]
[DL:1.1MiB][#0076df 569MiB/3.6GiB(15%)][#e161cc 562MiB/2.8GiB(19%)]
[DL:1.1MiB][#0076df 570MiB/3.6GiB(15%)][#e161cc 562MiB/2.8GiB(19%)]
[DL:1.1MiB][#0076df 570MiB/3.6GiB(15%)][#e161cc 563MiB/2.8GiB(19%)]
[DL:1.1MiB][#0076df 571MiB/3.6GiB(15%)][#e161cc 563MiB/2.8GiB(19%)]
[DL:1.1MiB][#0076df 572MiB/3.6GiB(15%)][#e161cc 564MiB/2.8GiB(19%)]
[DL:1.1MiB][#0076df 572MiB/3.6GiB(15%)][#e161cc 565MiB/2.8GiB(19%)]
[DL:1.2MiB][#0076df 573MiB/3.6GiB(15%)][#e161cc 565MiB/2.8GiB(19%)]
[DL:1.1MiB][#0076df 573MiB/3.6GiB(15%)][#e161cc 565MiB/2.8GiB(19%)]
[DL:1.1MiB][#0076df 574MiB/3.6GiB(15%)][#e161cc 566MiB/2.8GiB(19%)]
[DL:1.1MiB][#0076df 574MiB/3.6GiB(15%)][#e161cc 567MiB/2.8GiB(19%)]
[DL:1.1MiB][#0076df 575MiB/3.6GiB(15%)][#e161cc 567MiB/2.8GiB(19%)]
[DL:1.1MiB][#0076df 575MiB/3.6GiB(15%)][#e161cc 568MiB/2.8GiB(19%)]
[DL:1.1MiB][#0076df 576MiB/3.6GiB(15%)][#e161cc 569MiB/2.8GiB(19%)]
[DL:1.1MiB][#0076df 577MiB/3.6GiB(15%)][#e161cc 569MiB/2.8GiB(19%)]
[DL:1.1MiB][#0076df 577MiB/3.6GiB(15%)][#e161cc 570MiB/2.8GiB(19%)]
[DL:1.1MiB][#0076df 578MiB/3.6GiB(15%)][#e161cc 570MiB/2.8GiB(19%)]
[DL:1.2MiB][#0076df 579MiB/3.6GiB(15%)][#e161cc 571MiB/2.8GiB(19%)]
[DL:1.0MiB][#0076df 579MiB/3.6GiB(15%)][#e161cc 571MiB/2.8GiB(19%)]
[DL:1.1MiB][#0076df 580MiB/3.6GiB(15%)][#e161cc 572MiB/2.8GiB(19%)]
[DL:1.1MiB][#0076df 580MiB/3.6GiB(15%)][#e161cc 573MiB/2.8GiB(19%)]
[DL:1.1MiB][#0076df 581MiB/3.6GiB(15%)][#e161cc 573MiB/2.8GiB(19%)]
[DL:1.1MiB][#0076df 582MiB/3.6GiB(15%)][#e161cc 574MiB/2.8GiB(19%)]
[DL:1.1MiB][#0076df 582MiB/3.6GiB(15%)][#e161cc 575MiB/2.8GiB(19%)]
[DL:1.1MiB][#0076df 583MiB/3.6GiB(15%)][#e161cc 575MiB/2.8GiB(19%)]
[DL:1.1MiB][#0076df 584MiB/3.6GiB(15%)][#e161cc 576MiB/2.8GiB(19%)]
[DL:1.1MiB][#0076df 584MiB/3.6GiB(15%)][#e161cc 576MiB/2.8GiB(19%)]
[DL:1.3MiB][#0076df 585MiB/3.6GiB(15%)][#e161cc 577MiB/2.8GiB(19%)]
[DL:1.1MiB][#0076df 585MiB/3.6GiB(15%)][#e161cc 577MiB/2.8GiB(19%)]
[DL:1.1MiB][#0076df 585MiB/3.6GiB(15%)][#e161cc 578MiB/2.8GiB(19%)]
[DL:1.1MiB][#0076df 586MiB/3.6GiB(15%)][#e161cc 578MiB/2.8GiB(19%)]
[DL:1.1MiB][#0076df 587MiB/3.6GiB(15%)][#e161cc 579MiB/2.8GiB(19%)]
[DL:1.1MiB][#0076df 587MiB/3.6GiB(15%)][#e161cc 580MiB/2.8GiB(19%)]
[DL:1.1MiB][#0076df 588MiB/3.6GiB(15%)][#e161cc 580MiB/2.8GiB(20%)]
[DL:1.1MiB][#0076df 589MiB/3.6GiB(15%)][#e161cc 581MiB/2.8GiB(20%)]
[DL:1.1MiB][#0076df 589MiB/3.6GiB(15%)][#e161cc 582MiB/2.8GiB(20%)]
[DL:1.2MiB][#0076df 590MiB/3.6GiB(15%)][#e161cc 582MiB/2.8GiB(20%)]
[DL:1.1MiB][#0076df 590MiB/3.6GiB(15%)][#e161cc 582MiB/2.8GiB(20%)]
[DL:1.1MiB][#0076df 591MiB/3.6GiB(15%)][#e161cc 583MiB/2.8GiB(20%)]
[DL:1.1MiB][#0076df 591MiB/3.6GiB(15%)][#e161cc 583MiB/2.8GiB(20%)]
[DL:1.1MiB][#0076df 592MiB/3.6GiB(15%)][#e161cc 584MiB/2.8GiB(20%)]
[DL:1.1MiB][#0076df 593MiB/3.6GiB(15%)][#e161cc 585MiB/2.8GiB(20%)]
[DL:1.1MiB][#0076df 593MiB/3.6GiB(15%)][#e161cc 585MiB/2.8GiB(20%)]
[DL:1.1MiB][#0076df 594MiB/3.6GiB(15%)][#e161cc 586MiB/2.8GiB(20%)]
[DL:1.1MiB][#0076df 594MiB/3.6GiB(15%)][#e161cc 587MiB/2.8GiB(20%)]
[DL:1.2MiB][#0076df 595MiB/3.6GiB(15%)][#e161cc 587MiB/2.8GiB(20%)]
[DL:1.1MiB][#0076df 595MiB/3.6GiB(15%)][#e161cc 587MiB/2.8GiB(20%)]
[DL:1.1MiB][#0076df 596MiB/3.6GiB(15%)][#e161cc 588MiB/2.8GiB(20%)]
[DL:1.1MiB][#0076df 596MiB/3.6GiB(15%)][#e161cc 589MiB/2.8GiB(20%)]
[DL:1.1MiB][#0076df 597MiB/3.6GiB(15%)][#e161cc 589MiB/2.8GiB(20%)]
[DL:1.1MiB][#0076df 598MiB/3.6GiB(15%)][#e161cc 590MiB/2.8GiB(20%)]
[DL:1.1MiB][#0076df 598MiB/3.6GiB(15%)][#e161cc 591MiB/2.8GiB(20%)]
[DL:1.1MiB][#0076df 599MiB/3.6GiB(15%)][#e161cc 591MiB/2.8GiB(20%)]
[DL:1.1MiB][#0076df 600MiB/3.6GiB(15%)][#e161cc 592MiB/2.8GiB(20%)]
[DL:1.2MiB][#0076df 600MiB/3.6GiB(15%)][#e161cc 592MiB/2.8GiB(20%)]
[DL:1.1MiB][#0076df 600MiB/3.6GiB(15%)][#e161cc 592MiB/2.8GiB(20%)]
[DL:1.1MiB][#0076df 601MiB/3.6GiB(15%)][#e161cc 593MiB/2.8GiB(20%)]
[DL:1.1MiB][#0076df 602MiB/3.6GiB(15%)][#e161cc 594MiB/2.8GiB(20%)]
[DL:1.1MiB][#0076df 602MiB/3.6GiB(15%)][#e161cc 594MiB/2.8GiB(20%)]
[DL:1.1MiB][#0076df 603MiB/3.6GiB(15%)][#e161cc 595MiB/2.8GiB(20%)]
[DL:1.1MiB][#0076df 604MiB/3.6GiB(15%)][#e161cc 596MiB/2.8GiB(20%)]
[DL:1.1MiB][#0076df 604MiB/3.6GiB(15%)][#e161cc 596MiB/2.8GiB(20%)]
[DL:1.1MiB][#0076df 605MiB/3.6GiB(16%)][#e161cc 597MiB/2.8GiB(20%)]
[DL:1.1MiB][#0076df 606MiB/3.6GiB(16%)][#e161cc 598MiB/2.8GiB(20%)]
[DL:1.2MiB][#0076df 606MiB/3.6GiB(16%)][#e161cc 598MiB/2.8GiB(20%)]
[DL:1.1MiB][#0076df 606MiB/3.6GiB(16%)][#e161cc 598MiB/2.8GiB(20%)]
[DL:1.1MiB][#0076df 607MiB/3.6GiB(16%)][#e161cc 599MiB/2.8GiB(20%)]
[DL:1.1MiB][#0076df 607MiB/3.6GiB(16%)][#e161cc 599MiB/2.8GiB(20%)]
[DL:1.1MiB][#0076df 608MiB/3.6GiB(16%)][#e161cc 600MiB/2.8GiB(20%)]
[DL:1.1MiB][#0076df 609MiB/3.6GiB(16%)][#e161cc 601MiB/2.8GiB(20%)]
[DL:1.1MiB][#0076df 609MiB/3.6GiB(16%)][#e161cc 601MiB/2.8GiB(20%)]
[DL:1.1MiB][#0076df 610MiB/3.6GiB(16%)][#e161cc 602MiB/2.8GiB(20%)]
[DL:1.1MiB][#0076df 611MiB/3.6GiB(16%)][#e161cc 603MiB/2.8GiB(20%)]
[DL:1.1MiB][#0076df 611MiB/3.6GiB(16%)][#e161cc 603MiB/2.8GiB(20%)]
[DL:1.2MiB][#0076df 612MiB/3.6GiB(16%)][#e161cc 604MiB/2.8GiB(20%)]
[DL:1.1MiB][#0076df 612MiB/3.6GiB(16%)][#e161cc 604MiB/2.8GiB(20%)]
[DL:1.1MiB][#0076df 613MiB/3.6GiB(16%)][#e161cc 605MiB/2.8GiB(20%)]
[DL:1.1MiB][#0076df 613MiB/3.6GiB(16%)][#e161cc 605MiB/2.8GiB(20%)]
[DL:1.1MiB][#0076df 614MiB/3.6GiB(16%)][#e161cc 606MiB/2.8GiB(20%)]
[DL:1.1MiB][#0076df 615MiB/3.6GiB(16%)][#e161cc 607MiB/2.8GiB(20%)]
[DL:1.1MiB][#0076df 615MiB/3.6GiB(16%)][#e161cc 607MiB/2.8GiB(20%)]
[DL:1.1MiB][#0076df 616MiB/3.6GiB(16%)][#e161cc 608MiB/2.8GiB(20%)]
[DL:1.1MiB][#0076df 617MiB/3.6GiB(16%)][#e161cc 608MiB/2.8GiB(20%)]
[DL:1.1MiB][#0076df 617MiB/3.6GiB(16%)][#e161cc 609MiB/2.8GiB(21%)]
[DL:1.2MiB][#0076df 618MiB/3.6GiB(16%)][#e161cc 610MiB/2.8GiB(21%)]
[DL:1.1MiB][#0076df 618MiB/3.6GiB(16%)][#e161cc 610MiB/2.8GiB(21%)]
[DL:1.1MiB][#0076df 619MiB/3.6GiB(16%)][#e161cc 610MiB/2.8GiB(21%)]
[DL:1.1MiB][#0076df 619MiB/3.6GiB(16%)][#e161cc 611MiB/2.8GiB(21%)]
[DL:1.1MiB][#0076df 620MiB/3.6GiB(16%)][#e161cc 612MiB/2.8GiB(21%)]
[DL:1.1MiB][#0076df 620MiB/3.6GiB(16%)][#e161cc 612MiB/2.8GiB(21%)]
[DL:1.1MiB][#0076df 621MiB/3.6GiB(16%)][#e161cc 613MiB/2.8GiB(21%)]
[DL:1.1MiB][#0076df 622MiB/3.6GiB(16%)][#e161cc 614MiB/2.8GiB(21%)]
[DL:1.1MiB][#0076df 622MiB/3.6GiB(16%)][#e161cc 614MiB/2.8GiB(21%)]
[DL:1.1MiB][#0076df 623MiB/3.6GiB(16%)][#e161cc 615MiB/2.8GiB(21%)]
[DL:1.2MiB][#0076df 624MiB/3.6GiB(16%)][#e161cc 615MiB/2.8GiB(21%)]
[DL:1.1MiB][#0076df 624MiB/3.6GiB(16%)][#e161cc 615MiB/2.8GiB(21%)]
[DL:1.1MiB][#0076df 624MiB/3.6GiB(16%)][#e161cc 616MiB/2.8GiB(21%)]
[DL:1.1MiB][#0076df 625MiB/3.6GiB(16%)][#e161cc 617MiB/2.8GiB(21%)]
[DL:1.1MiB][#0076df 626MiB/3.6GiB(16%)][#e161cc 617MiB/2.8GiB(21%)]
[DL:1.1MiB][#0076df 626MiB/3.6GiB(16%)][#e161cc 618MiB/2.8GiB(21%)]
[DL:1.1MiB][#0076df 627MiB/3.6GiB(16%)][#e161cc 619MiB/2.8GiB(21%)]
[DL:1.1MiB][#0076df 628MiB/3.6GiB(16%)][#e161cc 619MiB/2.8GiB(21%)]
[DL:1.1MiB][#0076df 628MiB/3.6GiB(16%)][#e161cc 620MiB/2.8GiB(21%)]
[DL:1.1MiB][#0076df 629MiB/3.6GiB(16%)][#e161cc 621MiB/2.8GiB(21%)]
[DL:1.2MiB][#0076df 630MiB/3.6GiB(16%)][#e161cc 621MiB/2.8GiB(21%)]
[DL:1.1MiB][#0076df 630MiB/3.6GiB(16%)][#e161cc 621MiB/2.8GiB(21%)]
[DL:1.1MiB][#0076df 630MiB/3.6GiB(16%)][#e161cc 622MiB/2.8GiB(21%)]
[DL:1.1MiB][#0076df 631MiB/3.6GiB(16%)][#e161cc 622MiB/2.8GiB(21%)]
[DL:1.1MiB][#0076df 631MiB/3.6GiB(16%)][#e161cc 623MiB/2.8GiB(21%)]
[DL:1.1MiB][#0076df 632MiB/3.6GiB(16%)][#e161cc 624MiB/2.8GiB(21%)]
[DL:1.1MiB][#0076df 633MiB/3.6GiB(16%)][#e161cc 624MiB/2.8GiB(21%)]
[DL:1.1MiB][#0076df 633MiB/3.6GiB(16%)][#e161cc 625MiB/2.8GiB(21%)]
[DL:1.1MiB][#0076df 634MiB/3.6GiB(16%)][#e161cc 626MiB/2.8GiB(21%)]
[DL:1.1MiB][#0076df 635MiB/3.6GiB(16%)][#e161cc 626MiB/2.8GiB(21%)]
[DL:1.2MiB][#0076df 635MiB/3.6GiB(16%)][#e161cc 627MiB/2.8GiB(21%)]
[DL:1.1MiB][#0076df 635MiB/3.6GiB(16%)][#e161cc 627MiB/2.8GiB(21%)]
[DL:1.1MiB][#0076df 636MiB/3.6GiB(16%)][#e161cc 628MiB/2.8GiB(21%)]
[DL:1.1MiB][#0076df 637MiB/3.6GiB(16%)][#e161cc 628MiB/2.8GiB(21%)]
[DL:1.1MiB][#0076df 637MiB/3.6GiB(16%)][#e161cc 629MiB/2.8GiB(21%)]
[DL:1.1MiB][#0076df 638MiB/3.6GiB(16%)][#e161cc 629MiB/2.8GiB(21%)]
[DL:1.1MiB][#0076df 639MiB/3.6GiB(16%)][#e161cc 630MiB/2.8GiB(21%)]
[DL:1.1MiB][#0076df 639MiB/3.6GiB(16%)][#e161cc 631MiB/2.8GiB(21%)]
[DL:1.1MiB][#0076df 640MiB/3.6GiB(16%)][#e161cc 631MiB/2.8GiB(21%)]
[DL:1.1MiB][#0076df 640MiB/3.6GiB(16%)][#e161cc 632MiB/2.8GiB(21%)]
[DL:1.2MiB][#0076df 641MiB/3.6GiB(16%)][#e161cc 633MiB/2.8GiB(21%)]
[DL:1.1MiB][#0076df 641MiB/3.6GiB(16%)][#e161cc 633MiB/2.8GiB(21%)]
[DL:1.1MiB][#0076df 642MiB/3.6GiB(16%)][#e161cc 633MiB/2.8GiB(21%)]
[DL:1.1MiB][#0076df 642MiB/3.6GiB(16%)][#e161cc 634MiB/2.8GiB(21%)]
[DL:1.1MiB][#0076df 643MiB/3.6GiB(17%)][#e161cc 634MiB/2.8GiB(21%)]
[DL:1.1MiB][#0076df 644MiB/3.6GiB(17%)][#e161cc 635MiB/2.8GiB(21%)]
[DL:1.1MiB][#0076df 644MiB/3.6GiB(17%)][#e161cc 636MiB/2.8GiB(21%)]
[DL:1.1MiB][#0076df 645MiB/3.6GiB(17%)][#e161cc 636MiB/2.8GiB(21%)]
[DL:1.1MiB][#0076df 646MiB/3.6GiB(17%)][#e161cc 637MiB/2.8GiB(21%)]
[DL:1.1MiB][#0076df 646MiB/3.6GiB(17%)][#e161cc 638MiB/2.8GiB(21%)]
[DL:1.2MiB][#0076df 647MiB/3.6GiB(17%)][#e161cc 638MiB/2.8GiB(22%)]
[DL:1.1MiB][#0076df 647MiB/3.6GiB(17%)][#e161cc 638MiB/2.8GiB(22%)]
[DL:1.1MiB][#0076df 648MiB/3.6GiB(17%)][#e161cc 639MiB/2.8GiB(22%)]
[DL:1.1MiB][#0076df 648MiB/3.6GiB(17%)][#e161cc 640MiB/2.8GiB(22%)]
[DL:1.1MiB][#0076df 649MiB/3.6GiB(17%)][#e161cc 640MiB/2.8GiB(22%)]
[DL:1.1MiB][#0076df 650MiB/3.6GiB(17%)][#e161cc 641MiB/2.8GiB(22%)]
[DL:1.1MiB][#0076df 650MiB/3.6GiB(17%)][#e161cc 642MiB/2.8GiB(22%)]
[DL:1.1MiB][#0076df 651MiB/3.6GiB(17%)][#e161cc 642MiB/2.8GiB(22%)]
[DL:1.1MiB][#0076df 652MiB/3.6GiB(17%)][#e161cc 643MiB/2.8GiB(22%)]
[DL:1.1MiB][#0076df 652MiB/3.6GiB(17%)][#e161cc 643MiB/2.8GiB(22%)]
[DL:1.2MiB][#0076df 653MiB/3.6GiB(17%)][#e161cc 644MiB/2.8GiB(22%)]
[DL:1.1MiB][#0076df 653MiB/3.6GiB(17%)][#e161cc 644MiB/2.8GiB(22%)]
[DL:1.1MiB][#0076df 654MiB/3.6GiB(17%)][#e161cc 645MiB/2.8GiB(22%)]
[DL:1.1MiB][#0076df 654MiB/3.6GiB(17%)][#e161cc 645MiB/2.8GiB(22%)]
[DL:1.1MiB][#0076df 655MiB/3.6GiB(17%)][#e161cc 646MiB/2.8GiB(22%)]
[DL:1.1MiB][#0076df 655MiB/3.6GiB(17%)][#e161cc 647MiB/2.8GiB(22%)]
[DL:1.1MiB][#0076df 656MiB/3.6GiB(17%)][#e161cc 647MiB/2.8GiB(22%)]
[DL:1.1MiB][#0076df 657MiB/3.6GiB(17%)][#e161cc 648MiB/2.8GiB(22%)]
[DL:1.1MiB][#0076df 657MiB/3.6GiB(17%)][#e161cc 649MiB/2.8GiB(22%)]
[DL:1.1MiB][#0076df 658MiB/3.6GiB(17%)][#e161cc 649MiB/2.8GiB(22%)]
[DL:1.2MiB][#0076df 659MiB/3.6GiB(17%)][#e161cc 650MiB/2.8GiB(22%)]
[DL:1.1MiB][#0076df 659MiB/3.6GiB(17%)][#e161cc 650MiB/2.8GiB(22%)]
[DL:1.1MiB][#0076df 659MiB/3.6GiB(17%)][#e161cc 651MiB/2.8GiB(22%)]
[DL:1.1MiB][#0076df 660MiB/3.6GiB(17%)][#e161cc 651MiB/2.8GiB(22%)]
[DL:1.1MiB][#0076df 661MiB/3.6GiB(17%)][#e161cc 652MiB/2.8GiB(22%)]
[DL:1.1MiB][#0076df 661MiB/3.6GiB(17%)][#e161cc 652MiB/2.8GiB(22%)]
[DL:1.1MiB][#0076df 662MiB/3.6GiB(17%)][#e161cc 653MiB/2.8GiB(22%)]
[DL:1.1MiB][#0076df 662MiB/3.6GiB(17%)][#e161cc 654MiB/2.8GiB(22%)]
[DL:1.1MiB][#0076df 663MiB/3.6GiB(17%)][#e161cc 654MiB/2.8GiB(22%)]
[DL:1.1MiB][#0076df 664MiB/3.6GiB(17%)][#e161cc 655MiB/2.8GiB(22%)]
[DL:1.2MiB][#0076df 664MiB/3.6GiB(17%)][#e161cc 656MiB/2.8GiB(22%)]
[DL:1.1MiB][#0076df 664MiB/3.6GiB(17%)][#e161cc 656MiB/2.8GiB(22%)]
[DL:1.1MiB][#0076df 665MiB/3.6GiB(17%)][#e161cc 656MiB/2.8GiB(22%)]
[DL:1.1MiB][#0076df 666MiB/3.6GiB(17%)][#e161cc 657MiB/2.8GiB(22%)]
[DL:1.1MiB][#0076df 666MiB/3.6GiB(17%)][#e161cc 657MiB/2.8GiB(22%)]
[DL:1.1MiB][#0076df 667MiB/3.6GiB(17%)][#e161cc 658MiB/2.8GiB(22%)]
[DL:1.1MiB][#0076df 668MiB/3.6GiB(17%)][#e161cc 659MiB/2.8GiB(22%)]
[DL:1.1MiB][#0076df 668MiB/3.6GiB(17%)][#e161cc 659MiB/2.8GiB(22%)]
[DL:1.1MiB][#0076df 669MiB/3.6GiB(17%)][#e161cc 660MiB/2.8GiB(22%)]
[DL:1.1MiB][#0076df 670MiB/3.6GiB(17%)][#e161cc 661MiB/2.8GiB(22%)]
[DL:1.2MiB][#0076df 670MiB/3.6GiB(17%)][#e161cc 661MiB/2.8GiB(22%)]
[DL:1.1MiB][#0076df 670MiB/3.6GiB(17%)][#e161cc 661MiB/2.8GiB(22%)]
[DL:1.1MiB][#0076df 671MiB/3.6GiB(17%)][#e161cc 662MiB/2.8GiB(22%)]
[DL:1.1MiB][#0076df 672MiB/3.6GiB(17%)][#e161cc 663MiB/2.8GiB(22%)]
[DL:1.1MiB][#0076df 672MiB/3.6GiB(17%)][#e161cc 663MiB/2.8GiB(22%)]
[DL:1.1MiB][#0076df 673MiB/3.6GiB(17%)][#e161cc 664MiB/2.8GiB(22%)]
[DL:1.1MiB][#0076df 673MiB/3.6GiB(17%)][#e161cc 665MiB/2.8GiB(22%)]
[DL:1.1MiB][#0076df 674MiB/3.6GiB(17%)][#e161cc 665MiB/2.8GiB(22%)]
 *** Download Progress Summary as of Sat Aug 15 22:52:59 2026 *** 
===============================================================================
[#0076df 675MiB/3.6GiB(17%) CN:1 DL:580KiB ETA:1h31m20s]
FILE: /srv/modelstripe/qwen/Qwen3.8-27B/6026d6bb4baa574f54205e2894816127bcf444bb4f727aa76a4fd3c90e810140
-------------------------------------------------------------------------------
[#e161cc 666MiB/2.8GiB(22%) CN:1 DL:571KiB ETA:1h6m43s]
FILE: /srv/modelstripe/qwen/Qwen3.8-27B/9c56e976ca79eb9ff5c91e64f51cdefb5f6b2651c96d8569df49033f79642d78
-------------------------------------------------------------------------------

[DL:1.1MiB][#0076df 675MiB/3.6GiB(17%)][#e161cc 666MiB/2.8GiB(22%)]
[DL:700KiB][#0076df 675MiB/3.6GiB(17%)][#e161cc 666MiB/2.8GiB(22%)]
[DL:1.1MiB][#0076df 678MiB/3.6GiB(17%)][#e161cc 669MiB/2.8GiB(23%)]
[DL:1.1MiB][#0076df 678MiB/3.6GiB(17%)][#e161cc 669MiB/2.8GiB(23%)]
[DL:1.1MiB][#0076df 679MiB/3.6GiB(17%)][#e161cc 670MiB/2.8GiB(23%)]
[DL:1.1MiB][#0076df 679MiB/3.6GiB(17%)][#e161cc 670MiB/2.8GiB(23%)]
[DL:1.1MiB][#0076df 680MiB/3.6GiB(17%)][#e161cc 671MiB/2.8GiB(23%)]
[DL:1.9MiB][#0076df 681MiB/3.6GiB(18%)][#e161cc 672MiB/2.8GiB(23%)]
[DL:1.6MiB][#0076df 681MiB/3.6GiB(18%)][#e161cc 672MiB/2.8GiB(23%)]
[DL:1.4MiB][#0076df 681MiB/3.6GiB(18%)][#e161cc 672MiB/2.8GiB(23%)]
[DL:1.3MiB][#0076df 681MiB/3.6GiB(18%)][#e161cc 672MiB/2.8GiB(23%)]
[DL:723KiB][#0076df 681MiB/3.6GiB(18%)][#e161cc 672MiB/2.8GiB(23%)]
[DL:1.1MiB][#0076df 684MiB/3.6GiB(18%)][#e161cc 675MiB/2.8GiB(23%)]
[DL:1.1MiB][#0076df 684MiB/3.6GiB(18%)][#e161cc 675MiB/2.8GiB(23%)]
[DL:1.1MiB][#0076df 685MiB/3.6GiB(18%)][#e161cc 676MiB/2.8GiB(23%)]
[DL:1.1MiB][#0076df 686MiB/3.6GiB(18%)][#e161cc 677MiB/2.8GiB(23%)]
[DL:1.9MiB][#0076df 686MiB/3.6GiB(18%)][#e161cc 677MiB/2.8GiB(23%)]
[DL:1.6MiB][#0076df 686MiB/3.6GiB(18%)][#e161cc 677MiB/2.8GiB(23%)]
[DL:1.4MiB][#0076df 686MiB/3.6GiB(18%)][#e161cc 677MiB/2.8GiB(23%)]
[DL:1.2MiB][#0076df 686MiB/3.6GiB(18%)][#e161cc 677MiB/2.8GiB(23%)]
[DL:1.1MiB][#0076df 686MiB/3.6GiB(18%)][#e161cc 677MiB/2.8GiB(23%)]
[DL:721KiB][#0076df 687MiB/3.6GiB(18%)][#e161cc 678MiB/2.8GiB(23%)]
[DL:1.1MiB][#0076df 690MiB/3.6GiB(18%)][#e161cc 681MiB/2.8GiB(23%)]
[DL:1.1MiB][#0076df 690MiB/3.6GiB(18%)][#e161cc 681MiB/2.8GiB(23%)]
[DL:1.1MiB][#0076df 691MiB/3.6GiB(18%)][#e161cc 682MiB/2.8GiB(23%)]
[DL:2.0MiB][#0076df 692MiB/3.6GiB(18%)][#e161cc 683MiB/2.8GiB(23%)]
[DL:1.6MiB][#0076df 692MiB/3.6GiB(18%)][#e161cc 683MiB/2.8GiB(23%)]
[DL:1.4MiB][#0076df 692MiB/3.6GiB(18%)][#e161cc 683MiB/2.8GiB(23%)]
[DL:1.2MiB][#0076df 692MiB/3.6GiB(18%)][#e161cc 683MiB/2.8GiB(23%)]
[DL:1.1MiB][#0076df 692MiB/3.6GiB(18%)][#e161cc 683MiB/2.8GiB(23%)]
[DL:1.1MiB][#0076df 692MiB/3.6GiB(18%)][#e161cc 683MiB/2.8GiB(23%)]
[DL:723KiB][#0076df 693MiB/3.6GiB(18%)][#e161cc 684MiB/2.8GiB(23%)]
[DL:1.1MiB][#0076df 695MiB/3.6GiB(18%)][#e161cc 686MiB/2.8GiB(23%)]
[DL:1.1MiB][#0076df 696MiB/3.6GiB(18%)][#e161cc 687MiB/2.8GiB(23%)]
[DL:1.6MiB][#0076df 697MiB/3.6GiB(18%)][#e161cc 688MiB/2.8GiB(23%)]
[DL:1.4MiB][#0076df 697MiB/3.6GiB(18%)][#e161cc 688MiB/2.8GiB(23%)]
[DL:1.2MiB][#0076df 697MiB/3.6GiB(18%)][#e161cc 688MiB/2.8GiB(23%)]
[DL:1.1MiB][#0076df 697MiB/3.6GiB(18%)][#e161cc 688MiB/2.8GiB(23%)]
[DL:1.2MiB][#0076df 697MiB/3.6GiB(18%)][#e161cc 688MiB/2.8GiB(23%)]
[DL:1.1MiB][#0076df 697MiB/3.6GiB(18%)][#e161cc 688MiB/2.8GiB(23%)]
[DL:1.1MiB][#0076df 698MiB/3.6GiB(18%)][#e161cc 689MiB/2.8GiB(23%)]
[DL:722KiB][#0076df 699MiB/3.6GiB(18%)][#e161cc 690MiB/2.8GiB(23%)]
[DL:1.1MiB][#0076df 701MiB/3.6GiB(18%)][#e161cc 692MiB/2.8GiB(23%)]
[DL:1.6MiB][#0076df 702MiB/3.6GiB(18%)][#e161cc 693MiB/2.8GiB(23%)]
[DL:1.4MiB][#0076df 702MiB/3.6GiB(18%)][#e161cc 693MiB/2.8GiB(23%)]
[DL:1.2MiB][#0076df 702MiB/3.6GiB(18%)][#e161cc 693MiB/2.8GiB(23%)]
[DL:1.1MiB][#0076df 702MiB/3.6GiB(18%)][#e161cc 693MiB/2.8GiB(23%)]
[DL:1.1MiB][#0076df 703MiB/3.6GiB(18%)][#e161cc 693MiB/2.8GiB(23%)]
[DL:1.2MiB][#0076df 703MiB/3.6GiB(18%)][#e161cc 694MiB/2.8GiB(23%)]
[DL:1.1MiB][#0076df 703MiB/3.6GiB(18%)][#e161cc 694MiB/2.8GiB(23%)]
[DL:1.1MiB][#0076df 704MiB/3.6GiB(18%)][#e161cc 695MiB/2.8GiB(23%)]
[DL:720KiB][#0076df 704MiB/3.6GiB(18%)][#e161cc 695MiB/2.8GiB(23%)]
[DL:1.4MiB][#0076df 707MiB/3.6GiB(18%)][#e161cc 698MiB/2.8GiB(24%)]
[DL:1.2MiB][#0076df 707MiB/3.6GiB(18%)][#e161cc 698MiB/2.8GiB(24%)]
[DL:1.1MiB][#0076df 707MiB/3.6GiB(18%)][#e161cc 698MiB/2.8GiB(24%)]
[DL:1.2MiB][#0076df 708MiB/3.6GiB(18%)][#e161cc 698MiB/2.8GiB(24%)]
[DL:1.1MiB][#0076df 708MiB/3.6GiB(18%)][#e161cc 698MiB/2.8GiB(24%)]
[DL:1.1MiB][#0076df 708MiB/3.6GiB(18%)][#e161cc 699MiB/2.8GiB(24%)]
[DL:1.2MiB][#0076df 709MiB/3.6GiB(18%)][#e161cc 700MiB/2.8GiB(24%)]
[DL:1.1MiB][#0076df 709MiB/3.6GiB(18%)][#e161cc 700MiB/2.8GiB(24%)]
[DL:1.1MiB][#0076df 710MiB/3.6GiB(18%)][#e161cc 700MiB/2.8GiB(24%)]
[DL:0.9MiB][#0076df 710MiB/3.6GiB(18%)][#e161cc 701MiB/2.8GiB(24%)]
[DL:1.1MiB][#0076df 712MiB/3.6GiB(18%)][#e161cc 702MiB/2.8GiB(24%)]
[DL:1.1MiB][#0076df 712MiB/3.6GiB(18%)][#e161cc 703MiB/2.8GiB(24%)]
[DL:1.1MiB][#0076df 713MiB/3.6GiB(18%)][#e161cc 704MiB/2.8GiB(24%)]
[DL:1.2MiB][#0076df 713MiB/3.6GiB(18%)][#e161cc 704MiB/2.8GiB(24%)]
[DL:1.1MiB][#0076df 713MiB/3.6GiB(18%)][#e161cc 704MiB/2.8GiB(24%)]
[DL:1.1MiB][#0076df 714MiB/3.6GiB(18%)][#e161cc 705MiB/2.8GiB(24%)]
[DL:1.2MiB][#0076df 715MiB/3.6GiB(18%)][#e161cc 706MiB/2.8GiB(24%)]
[DL:1.1MiB][#0076df 715MiB/3.6GiB(18%)][#e161cc 706MiB/2.8GiB(24%)]
[DL:1.1MiB][#0076df 715MiB/3.6GiB(18%)][#e161cc 706MiB/2.8GiB(24%)]
[DL:0.9MiB][#0076df 716MiB/3.6GiB(18%)][#e161cc 707MiB/2.8GiB(24%)]
[DL:1.1MiB][#0076df 717MiB/3.6GiB(18%)][#e161cc 708MiB/2.8GiB(24%)]
[DL:1.1MiB][#0076df 718MiB/3.6GiB(18%)][#e161cc 709MiB/2.8GiB(24%)]
[DL:1.1MiB][#0076df 719MiB/3.6GiB(19%)][#e161cc 709MiB/2.8GiB(24%)]
[DL:1.2MiB][#0076df 719MiB/3.6GiB(19%)][#e161cc 710MiB/2.8GiB(24%)]
[DL:1.1MiB][#0076df 719MiB/3.6GiB(19%)][#e161cc 710MiB/2.8GiB(24%)]
[DL:1.1MiB][#0076df 720MiB/3.6GiB(19%)][#e161cc 711MiB/2.8GiB(24%)]
[DL:1.2MiB][#0076df 721MiB/3.6GiB(19%)][#e161cc 711MiB/2.8GiB(24%)]
[DL:1.1MiB][#0076df 721MiB/3.6GiB(19%)][#e161cc 711MiB/2.8GiB(24%)]
[DL:1.1MiB][#0076df 721MiB/3.6GiB(19%)][#e161cc 712MiB/2.8GiB(24%)]
[DL:0.9MiB][#0076df 722MiB/3.6GiB(19%)][#e161cc 713MiB/2.8GiB(24%)]
[DL:1.1MiB][#0076df 723MiB/3.6GiB(19%)][#e161cc 714MiB/2.8GiB(24%)]
[DL:1.1MiB][#0076df 724MiB/3.6GiB(19%)][#e161cc 715MiB/2.8GiB(24%)]
[DL:1.1MiB][#0076df 725MiB/3.6GiB(19%)][#e161cc 715MiB/2.8GiB(24%)]
[DL:1.2MiB][#0076df 725MiB/3.6GiB(19%)][#e161cc 716MiB/2.8GiB(24%)]
[DL:1.1MiB][#0076df 725MiB/3.6GiB(19%)][#e161cc 716MiB/2.8GiB(24%)]
[DL:1.1MiB][#0076df 726MiB/3.6GiB(19%)][#e161cc 716MiB/2.8GiB(24%)]
[DL:1.2MiB][#0076df 727MiB/3.6GiB(19%)][#e161cc 717MiB/2.8GiB(24%)]
[DL:1.1MiB][#0076df 727MiB/3.6GiB(19%)][#e161cc 717MiB/2.8GiB(24%)]
[DL:1.1MiB][#0076df 727MiB/3.6GiB(19%)][#e161cc 718MiB/2.8GiB(24%)]
[DL:0.9MiB][#0076df 728MiB/3.6GiB(19%)][#e161cc 718MiB/2.8GiB(24%)]
[DL:1.1MiB][#0076df 729MiB/3.6GiB(19%)][#e161cc 720MiB/2.8GiB(24%)]
[DL:1.1MiB][#0076df 730MiB/3.6GiB(19%)][#e161cc 720MiB/2.8GiB(24%)]
[DL:1.1MiB][#0076df 730MiB/3.6GiB(19%)][#e161cc 721MiB/2.8GiB(24%)]
[DL:1.2MiB][#0076df 731MiB/3.6GiB(19%)][#e161cc 722MiB/2.8GiB(24%)]
[DL:1.1MiB][#0076df 731MiB/3.6GiB(19%)][#e161cc 722MiB/2.8GiB(24%)]
[DL:1.1MiB][#0076df 732MiB/3.6GiB(19%)][#e161cc 722MiB/2.8GiB(24%)]
[DL:1.2MiB][#0076df 732MiB/3.6GiB(19%)][#e161cc 723MiB/2.8GiB(24%)]
[DL:1.1MiB][#0076df 732MiB/3.6GiB(19%)][#e161cc 723MiB/2.8GiB(24%)]
[DL:1.1MiB][#0076df 733MiB/3.6GiB(19%)][#e161cc 723MiB/2.8GiB(24%)]
[DL:0.9MiB][#0076df 734MiB/3.6GiB(19%)][#e161cc 724MiB/2.8GiB(24%)]
[DL:1.1MiB][#0076df 735MiB/3.6GiB(19%)][#e161cc 725MiB/2.8GiB(25%)]
[DL:1.1MiB][#0076df 736MiB/3.6GiB(19%)][#e161cc 726MiB/2.8GiB(25%)]
[DL:1.1MiB][#0076df 736MiB/3.6GiB(19%)][#e161cc 727MiB/2.8GiB(25%)]
[DL:1.2MiB][#0076df 737MiB/3.6GiB(19%)][#e161cc 727MiB/2.8GiB(25%)]
[DL:1.1MiB][#0076df 737MiB/3.6GiB(19%)][#e161cc 727MiB/2.8GiB(25%)]
[DL:1.1MiB][#0076df 738MiB/3.6GiB(19%)][#e161cc 728MiB/2.8GiB(25%)]
[DL:1.2MiB][#0076df 738MiB/3.6GiB(19%)][#e161cc 729MiB/2.8GiB(25%)]
[DL:1.1MiB][#0076df 738MiB/3.6GiB(19%)][#e161cc 729MiB/2.8GiB(25%)]
[DL:1.1MiB][#0076df 739MiB/3.6GiB(19%)][#e161cc 729MiB/2.8GiB(25%)]
[DL:0.9MiB][#0076df 739MiB/3.6GiB(19%)][#e161cc 730MiB/2.8GiB(25%)]
[DL:1.1MiB][#0076df 741MiB/3.6GiB(19%)][#e161cc 731MiB/2.8GiB(25%)]
[DL:1.1MiB][#0076df 741MiB/3.6GiB(19%)][#e161cc 732MiB/2.8GiB(25%)]
[DL:1.1MiB][#0076df 742MiB/3.6GiB(19%)][#e161cc 732MiB/2.8GiB(25%)]
[DL:1.2MiB][#0076df 743MiB/3.6GiB(19%)][#e161cc 733MiB/2.8GiB(25%)]
[DL:1.1MiB][#0076df 743MiB/3.6GiB(19%)][#e161cc 733MiB/2.8GiB(25%)]
[DL:1.1MiB][#0076df 743MiB/3.6GiB(19%)][#e161cc 734MiB/2.8GiB(25%)]
[DL:1.2MiB][#0076df 744MiB/3.6GiB(19%)][#e161cc 734MiB/2.8GiB(25%)]
[DL:1.1MiB][#0076df 744MiB/3.6GiB(19%)][#e161cc 734MiB/2.8GiB(25%)]
[DL:1.1MiB][#0076df 745MiB/3.6GiB(19%)][#e161cc 735MiB/2.8GiB(25%)]
[DL:0.9MiB][#0076df 745MiB/3.6GiB(19%)][#e161cc 736MiB/2.8GiB(25%)]
[DL:1.1MiB][#0076df 747MiB/3.6GiB(19%)][#e161cc 737MiB/2.8GiB(25%)]
[DL:1.1MiB][#0076df 747MiB/3.6GiB(19%)][#e161cc 738MiB/2.8GiB(25%)]
[DL:1.1MiB][#0076df 748MiB/3.6GiB(19%)][#e161cc 738MiB/2.8GiB(25%)]
[DL:1.2MiB][#0076df 749MiB/3.6GiB(19%)][#e161cc 739MiB/2.8GiB(25%)]
[DL:1.1MiB][#0076df 749MiB/3.6GiB(19%)][#e161cc 739MiB/2.8GiB(25%)]
[DL:1.1MiB][#0076df 750MiB/3.6GiB(19%)][#e161cc 740MiB/2.8GiB(25%)]
[DL:1.2MiB][#0076df 750MiB/3.6GiB(19%)][#e161cc 740MiB/2.8GiB(25%)]
[DL:1.1MiB][#0076df 750MiB/3.6GiB(19%)][#e161cc 740MiB/2.8GiB(25%)]
[DL:1.0MiB][#0076df 750MiB/3.6GiB(19%)][#e161cc 740MiB/2.8GiB(25%)]
[DL:1.0MiB][#0076df 752MiB/3.6GiB(19%)][#e161cc 742MiB/2.8GiB(25%)]
[DL:1.1MiB][#0076df 753MiB/3.6GiB(19%)][#e161cc 743MiB/2.8GiB(25%)]
[DL:1.1MiB][#0076df 753MiB/3.6GiB(19%)][#e161cc 744MiB/2.8GiB(25%)]
[DL:1.1MiB][#0076df 754MiB/3.6GiB(19%)][#e161cc 744MiB/2.8GiB(25%)]
[DL:1.2MiB][#0076df 755MiB/3.6GiB(19%)][#e161cc 745MiB/2.8GiB(25%)]
[DL:1.1MiB][#0076df 755MiB/3.6GiB(19%)][#e161cc 745MiB/2.8GiB(25%)]
[DL:1.1MiB][#0076df 755MiB/3.6GiB(19%)][#e161cc 746MiB/2.8GiB(25%)]
[DL:1.2MiB][#0076df 756MiB/3.6GiB(19%)][#e161cc 746MiB/2.8GiB(25%)]
[DL:1.2MiB][#0076df 756MiB/3.6GiB(19%)][#e161cc 746MiB/2.8GiB(25%)]
[DL:0.9MiB][#0076df 756MiB/3.6GiB(19%)][#e161cc 746MiB/2.8GiB(25%)]
[DL:0.9MiB][#0076df 757MiB/3.6GiB(20%)][#e161cc 748MiB/2.8GiB(25%)]
[DL:1.1MiB][#0076df 759MiB/3.6GiB(20%)][#e161cc 749MiB/2.8GiB(25%)]
[DL:1.1MiB][#0076df 759MiB/3.6GiB(20%)][#e161cc 749MiB/2.8GiB(25%)]
[DL:1.1MiB][#0076df 760MiB/3.6GiB(20%)][#e161cc 750MiB/2.8GiB(25%)]
[DL:1.2MiB][#0076df 761MiB/3.6GiB(20%)][#e161cc 751MiB/2.8GiB(25%)]
[DL:1.1MiB][#0076df 761MiB/3.6GiB(20%)][#e161cc 751MiB/2.8GiB(25%)]
[DL:1.1MiB][#0076df 761MiB/3.6GiB(20%)][#e161cc 751MiB/2.8GiB(25%)]
[DL:1.4MiB][#0076df 762MiB/3.6GiB(20%)][#e161cc 752MiB/2.8GiB(25%)]
[DL:1.2MiB][#0076df 762MiB/3.6GiB(20%)][#e161cc 752MiB/2.8GiB(25%)]
[DL:0.9MiB][#0076df 762MiB/3.6GiB(20%)][#e161cc 752MiB/2.8GiB(25%)]
[DL:0.9MiB][#0076df 763MiB/3.6GiB(20%)][#e161cc 753MiB/2.8GiB(25%)]
[DL:1.1MiB][#0076df 764MiB/3.6GiB(20%)][#e161cc 755MiB/2.8GiB(26%)]
[DL:1.1MiB][#0076df 765MiB/3.6GiB(20%)][#e161cc 755MiB/2.8GiB(26%)]
[DL:1.1MiB][#0076df 766MiB/3.6GiB(20%)][#e161cc 756MiB/2.8GiB(26%)]
[DL:1.2MiB][#0076df 766MiB/3.6GiB(20%)][#e161cc 756MiB/2.8GiB(26%)]
[DL:1.1MiB][#0076df 766MiB/3.6GiB(20%)][#e161cc 756MiB/2.8GiB(26%)]
[DL:1.2MiB][#0076df 767MiB/3.6GiB(20%)][#e161cc 757MiB/2.8GiB(26%)]
[DL:1.1MiB][#0076df 767MiB/3.6GiB(20%)][#e161cc 757MiB/2.8GiB(26%)]
[DL:1.2MiB][#0076df 768MiB/3.6GiB(20%)][#e161cc 758MiB/2.8GiB(26%)]
[DL:0.9MiB][#0076df 768MiB/3.6GiB(20%)][#e161cc 758MiB/2.8GiB(26%)]
[DL:0.9MiB][#0076df 769MiB/3.6GiB(20%)][#e161cc 759MiB/2.8GiB(26%)]
[DL:1.1MiB][#0076df 770MiB/3.6GiB(20%)][#e161cc 760MiB/2.8GiB(26%)]
[DL:1.1MiB][#0076df 771MiB/3.6GiB(20%)][#e161cc 761MiB/2.8GiB(26%)]
[DL:1.1MiB][#0076df 772MiB/3.6GiB(20%)][#e161cc 762MiB/2.8GiB(26%)]
[DL:1.2MiB][#0076df 772MiB/3.6GiB(20%)][#e161cc 762MiB/2.8GiB(26%)]
[DL:1.2MiB][#0076df 772MiB/3.6GiB(20%)][#e161cc 762MiB/2.8GiB(26%)]
[DL:1.1MiB][#0076df 772MiB/3.6GiB(20%)][#e161cc 762MiB/2.8GiB(26%)]
[DL:1.1MiB][#0076df 773MiB/3.6GiB(20%)][#e161cc 763MiB/2.8GiB(26%)]
[DL:1.2MiB][#0076df 774MiB/3.6GiB(20%)][#e161cc 764MiB/2.8GiB(26%)]
[DL:1.0MiB][#0076df 774MiB/3.6GiB(20%)][#e161cc 764MiB/2.8GiB(26%)]
[DL:0.9MiB][#0076df 775MiB/3.6GiB(20%)][#e161cc 765MiB/2.8GiB(26%)]
[DL:1.1MiB][#0076df 776MiB/3.6GiB(20%)][#e161cc 766MiB/2.8GiB(26%)]
[DL:1.1MiB][#0076df 777MiB/3.6GiB(20%)][#e161cc 767MiB/2.8GiB(26%)]
[DL:1.1MiB][#0076df 777MiB/3.6GiB(20%)][#e161cc 767MiB/2.8GiB(26%)]
[DL:1.4MiB][#0076df 778MiB/3.6GiB(20%)][#e161cc 768MiB/2.8GiB(26%)]
[DL:1.2MiB][#0076df 778MiB/3.6GiB(20%)][#e161cc 768MiB/2.8GiB(26%)]
[DL:1.1MiB][#0076df 778MiB/3.6GiB(20%)][#e161cc 768MiB/2.8GiB(26%)]
[DL:1.1MiB][#0076df 779MiB/3.6GiB(20%)][#e161cc 769MiB/2.8GiB(26%)]
[DL:1.2MiB][#0076df 779MiB/3.6GiB(20%)][#e161cc 769MiB/2.8GiB(26%)]
[DL:0.9MiB][#0076df 779MiB/3.6GiB(20%)][#e161cc 769MiB/2.8GiB(26%)]
[DL:0B][#0076df 779MiB/3.6GiB(20%)][#e161cc 769MiB/2.8GiB(26%)]
[DL:46KiB][#0076df 779MiB/3.6GiB(20%)][#e161cc 769MiB/2.8GiB(26%)]
[DL:661KiB][#0076df 780MiB/3.6GiB(20%)][#e161cc 770MiB/2.8GiB(26%)]
[DL:874KiB][#0076df 781MiB/3.6GiB(20%)][#e161cc 771MiB/2.8GiB(26%)]
[DL:0.9MiB][#0076df 781MiB/3.6GiB(20%)][#e161cc 771MiB/2.8GiB(26%)]
[DL:1.0MiB][#0076df 782MiB/3.6GiB(20%)][#e161cc 772MiB/2.8GiB(26%)]
[DL:1.0MiB][#0076df 783MiB/3.6GiB(20%)][#e161cc 773MiB/2.8GiB(26%)]
[DL:1.0MiB][#0076df 783MiB/3.6GiB(20%)][#e161cc 773MiB/2.8GiB(26%)]
[DL:1.1MiB][#0076df 784MiB/3.6GiB(20%)][#e161cc 774MiB/2.8GiB(26%)]
[DL:1.1MiB][#0076df 785MiB/3.6GiB(20%)][#e161cc 774MiB/2.8GiB(26%)]
[DL:1.2MiB][#0076df 785MiB/3.6GiB(20%)][#e161cc 775MiB/2.8GiB(26%)]
[DL:1.1MiB][#0076df 785MiB/3.6GiB(20%)][#e161cc 775MiB/2.8GiB(26%)]
[DL:1.1MiB][#0076df 786MiB/3.6GiB(20%)][#e161cc 776MiB/2.8GiB(26%)]
[DL:1.1MiB][#0076df 787MiB/3.6GiB(20%)][#e161cc 776MiB/2.8GiB(26%)]
[DL:1.1MiB][#0076df 787MiB/3.6GiB(20%)][#e161cc 777MiB/2.8GiB(26%)]
[DL:1.1MiB][#0076df 788MiB/3.6GiB(20%)][#e161cc 778MiB/2.8GiB(26%)]
[DL:1.1MiB][#0076df 789MiB/3.6GiB(20%)][#e161cc 778MiB/2.8GiB(26%)]
[DL:1.1MiB][#0076df 789MiB/3.6GiB(20%)][#e161cc 779MiB/2.8GiB(26%)]
[DL:1.1MiB][#0076df 790MiB/3.6GiB(20%)][#e161cc 780MiB/2.8GiB(26%)]
[DL:1.2MiB][#0076df 790MiB/3.6GiB(20%)][#e161cc 780MiB/2.8GiB(26%)]
[DL:1.1MiB][#0076df 790MiB/3.6GiB(20%)][#e161cc 780MiB/2.8GiB(26%)]
[DL:1.1MiB][#0076df 791MiB/3.6GiB(20%)][#e161cc 781MiB/2.8GiB(26%)]
[DL:1.1MiB][#0076df 792MiB/3.6GiB(20%)][#e161cc 781MiB/2.8GiB(26%)]
[DL:1.1MiB][#0076df 792MiB/3.6GiB(20%)][#e161cc 782MiB/2.8GiB(26%)]
[DL:1.1MiB][#0076df 793MiB/3.6GiB(20%)][#e161cc 783MiB/2.8GiB(26%)]
[DL:1.1MiB][#0076df 794MiB/3.6GiB(20%)][#e161cc 783MiB/2.8GiB(27%)]
[DL:1.1MiB][#0076df 794MiB/3.6GiB(21%)][#e161cc 784MiB/2.8GiB(27%)]
[DL:1.1MiB][#0076df 795MiB/3.6GiB(21%)][#e161cc 785MiB/2.8GiB(27%)]
[DL:1.2MiB][#0076df 796MiB/3.6GiB(21%)][#e161cc 785MiB/2.8GiB(27%)]
[DL:1.1MiB][#0076df 796MiB/3.6GiB(21%)][#e161cc 785MiB/2.8GiB(27%)]
[DL:1.1MiB][#0076df 796MiB/3.6GiB(21%)][#e161cc 786MiB/2.8GiB(27%)]
[DL:1.1MiB][#0076df 797MiB/3.6GiB(21%)][#e161cc 787MiB/2.8GiB(27%)]
[DL:1.1MiB][#0076df 798MiB/3.6GiB(21%)][#e161cc 787MiB/2.8GiB(27%)]
[DL:1.1MiB][#0076df 798MiB/3.6GiB(21%)][#e161cc 788MiB/2.8GiB(27%)]
[DL:1.1MiB][#0076df 799MiB/3.6GiB(21%)][#e161cc 788MiB/2.8GiB(27%)]
[DL:1.1MiB][#0076df 799MiB/3.6GiB(21%)][#e161cc 789MiB/2.8GiB(27%)]
[DL:1.1MiB][#0076df 800MiB/3.6GiB(21%)][#e161cc 790MiB/2.8GiB(27%)]
[DL:1.2MiB][#0076df 801MiB/3.6GiB(21%)][#e161cc 790MiB/2.8GiB(27%)]
[DL:1.1MiB][#0076df 801MiB/3.6GiB(21%)][#e161cc 790MiB/2.8GiB(27%)]
[DL:1.1MiB][#0076df 801MiB/3.6GiB(21%)][#e161cc 791MiB/2.8GiB(27%)]
[DL:1.1MiB][#0076df 802MiB/3.6GiB(21%)][#e161cc 792MiB/2.8GiB(27%)]
[DL:1.1MiB][#0076df 803MiB/3.6GiB(21%)][#e161cc 792MiB/2.8GiB(27%)]
[DL:1.1MiB][#0076df 803MiB/3.6GiB(21%)][#e161cc 793MiB/2.8GiB(27%)]
[DL:1.1MiB][#0076df 804MiB/3.6GiB(21%)][#e161cc 794MiB/2.8GiB(27%)]
[DL:1.1MiB][#0076df 805MiB/3.6GiB(21%)][#e161cc 794MiB/2.8GiB(27%)]
[DL:1.1MiB][#0076df 805MiB/3.6GiB(21%)][#e161cc 795MiB/2.8GiB(27%)]
[DL:1.2MiB][#0076df 806MiB/3.6GiB(21%)][#e161cc 795MiB/2.8GiB(27%)]
[DL:1.1MiB][#0076df 806MiB/3.6GiB(21%)][#e161cc 795MiB/2.8GiB(27%)]
[DL:1.1MiB][#0076df 807MiB/3.6GiB(21%)][#e161cc 796MiB/2.8GiB(27%)]
[DL:1.1MiB][#0076df 807MiB/3.6GiB(21%)][#e161cc 797MiB/2.8GiB(27%)]
[DL:1.1MiB][#0076df 808MiB/3.6GiB(21%)][#e161cc 797MiB/2.8GiB(27%)]
[DL:1.1MiB][#0076df 809MiB/3.6GiB(21%)][#e161cc 798MiB/2.8GiB(27%)]
[DL:1.1MiB][#0076df 809MiB/3.6GiB(21%)][#e161cc 799MiB/2.8GiB(27%)]
[DL:1.1MiB][#0076df 810MiB/3.6GiB(21%)][#e161cc 799MiB/2.8GiB(27%)]
[DL:1.1MiB][#0076df 810MiB/3.6GiB(21%)][#e161cc 800MiB/2.8GiB(27%)]
[DL:1.2MiB][#0076df 811MiB/3.6GiB(21%)][#e161cc 801MiB/2.8GiB(27%)]
[DL:1.1MiB][#0076df 811MiB/3.6GiB(21%)][#e161cc 801MiB/2.8GiB(27%)]
[DL:1.1MiB][#0076df 812MiB/3.6GiB(21%)][#e161cc 801MiB/2.8GiB(27%)]
[DL:1.1MiB][#0076df 812MiB/3.6GiB(21%)][#e161cc 802MiB/2.8GiB(27%)]
[DL:1.1MiB][#0076df 813MiB/3.6GiB(21%)][#e161cc 802MiB/2.8GiB(27%)]
[DL:1.1MiB][#0076df 814MiB/3.6GiB(21%)][#e161cc 803MiB/2.8GiB(27%)]
[DL:1.1MiB][#0076df 814MiB/3.6GiB(21%)][#e161cc 804MiB/2.8GiB(27%)]
[DL:1.1MiB][#0076df 815MiB/3.6GiB(21%)][#e161cc 804MiB/2.8GiB(27%)]
[DL:1.1MiB][#0076df 816MiB/3.6GiB(21%)][#e161cc 805MiB/2.8GiB(27%)]
[DL:1.2MiB][#0076df 816MiB/3.6GiB(21%)][#e161cc 806MiB/2.8GiB(27%)]
[DL:1.1MiB][#0076df 816MiB/3.6GiB(21%)][#e161cc 806MiB/2.8GiB(27%)]
[DL:1.1MiB][#0076df 817MiB/3.6GiB(21%)][#e161cc 806MiB/2.8GiB(27%)]
[DL:1.1MiB][#0076df 818MiB/3.6GiB(21%)][#e161cc 807MiB/2.8GiB(27%)]
[DL:1.1MiB][#0076df 818MiB/3.6GiB(21%)][#e161cc 808MiB/2.8GiB(27%)]
[DL:1.1MiB][#0076df 819MiB/3.6GiB(21%)][#e161cc 808MiB/2.8GiB(27%)]
[DL:1.1MiB][#0076df 820MiB/3.6GiB(21%)][#e161cc 809MiB/2.8GiB(27%)]
[DL:1.1MiB][#0076df 820MiB/3.6GiB(21%)][#e161cc 809MiB/2.8GiB(27%)]
[DL:1.1MiB][#0076df 821MiB/3.6GiB(21%)][#e161cc 810MiB/2.8GiB(27%)]
[DL:1.2MiB][#0076df 821MiB/3.6GiB(21%)][#e161cc 811MiB/2.8GiB(27%)]
[DL:1.1MiB][#0076df 821MiB/3.6GiB(21%)][#e161cc 811MiB/2.8GiB(27%)]
[DL:1.1MiB][#0076df 822MiB/3.6GiB(21%)][#e161cc 811MiB/2.8GiB(27%)]
[DL:1.1MiB][#0076df 823MiB/3.6GiB(21%)][#e161cc 812MiB/2.8GiB(27%)]
[DL:1.1MiB][#0076df 823MiB/3.6GiB(21%)][#e161cc 813MiB/2.8GiB(28%)]
[DL:1.1MiB][#0076df 824MiB/3.6GiB(21%)][#e161cc 813MiB/2.8GiB(28%)]
[DL:1.1MiB][#0076df 825MiB/3.6GiB(21%)][#e161cc 814MiB/2.8GiB(28%)]
[DL:1.1MiB][#0076df 825MiB/3.6GiB(21%)][#e161cc 815MiB/2.8GiB(28%)]
[DL:1.1MiB][#0076df 826MiB/3.6GiB(21%)][#e161cc 815MiB/2.8GiB(28%)]
[DL:1.2MiB][#0076df 827MiB/3.6GiB(21%)][#e161cc 816MiB/2.8GiB(28%)]
[DL:1.1MiB][#0076df 827MiB/3.6GiB(21%)][#e161cc 816MiB/2.8GiB(28%)]
[DL:1.1MiB][#0076df 827MiB/3.6GiB(21%)][#e161cc 816MiB/2.8GiB(28%)]
[DL:1.1MiB][#0076df 828MiB/3.6GiB(21%)][#e161cc 817MiB/2.8GiB(28%)]
[DL:1.1MiB][#0076df 829MiB/3.6GiB(21%)][#e161cc 818MiB/2.8GiB(28%)]
[DL:1.1MiB][#0076df 829MiB/3.6GiB(21%)][#e161cc 818MiB/2.8GiB(28%)]
[DL:1.1MiB][#0076df 830MiB/3.6GiB(21%)][#e161cc 819MiB/2.8GiB(28%)]
[DL:1.1MiB][#0076df 830MiB/3.6GiB(21%)][#e161cc 820MiB/2.8GiB(28%)]
[DL:1.1MiB][#0076df 831MiB/3.6GiB(21%)][#e161cc 820MiB/2.8GiB(28%)]
[DL:1.1MiB][#0076df 832MiB/3.6GiB(22%)][#e161cc 821MiB/2.8GiB(28%)]
[DL:1.2MiB][#0076df 832MiB/3.6GiB(22%)][#e161cc 822MiB/2.8GiB(28%)]
[DL:1.1MiB][#0076df 832MiB/3.6GiB(22%)][#e161cc 822MiB/2.8GiB(28%)]
[DL:1.1MiB][#0076df 833MiB/3.6GiB(22%)][#e161cc 822MiB/2.8GiB(28%)]
[DL:1.1MiB][#0076df 834MiB/3.6GiB(22%)][#e161cc 823MiB/2.8GiB(28%)]
[DL:1.1MiB][#0076df 834MiB/3.6GiB(22%)][#e161cc 823MiB/2.8GiB(28%)]
[DL:1.1MiB][#0076df 835MiB/3.6GiB(22%)][#e161cc 824MiB/2.8GiB(28%)]
[DL:1.1MiB][#0076df 836MiB/3.6GiB(22%)][#e161cc 825MiB/2.8GiB(28%)]
[DL:1.1MiB][#0076df 836MiB/3.6GiB(22%)][#e161cc 825MiB/2.8GiB(28%)]
[DL:1.1MiB][#0076df 837MiB/3.6GiB(22%)][#e161cc 826MiB/2.8GiB(28%)]
 *** Download Progress Summary as of Sat Aug 15 22:58:00 2026 *** 
===============================================================================
[#0076df 838MiB/3.6GiB(22%) CN:1 DL:581KiB ETA:1h26m27s]
FILE: /srv/modelstripe/qwen/Qwen3.8-27B/6026d6bb4baa574f54205e2894816127bcf444bb4f727aa76a4fd3c90e810140
-------------------------------------------------------------------------------
[#e161cc 827MiB/2.8GiB(28%) CN:1 DL:579KiB ETA:1h1m6s]
FILE: /srv/modelstripe/qwen/Qwen3.8-27B/9c56e976ca79eb9ff5c91e64f51cdefb5f6b2651c96d8569df49033f79642d78
-------------------------------------------------------------------------------

[DL:1.1MiB][#0076df 838MiB/3.6GiB(22%)][#e161cc 827MiB/2.8GiB(28%)]
[DL:1.2MiB][#0076df 838MiB/3.6GiB(22%)][#e161cc 827MiB/2.8GiB(28%)]
[DL:1.1MiB][#0076df 838MiB/3.6GiB(22%)][#e161cc 827MiB/2.8GiB(28%)]
[DL:1.1MiB][#0076df 839MiB/3.6GiB(22%)][#e161cc 828MiB/2.8GiB(28%)]
[DL:1.1MiB][#0076df 840MiB/3.6GiB(22%)][#e161cc 829MiB/2.8GiB(28%)]
[DL:1.1MiB][#0076df 840MiB/3.6GiB(22%)][#e161cc 829MiB/2.8GiB(28%)]
[DL:1.1MiB][#0076df 841MiB/3.6GiB(22%)][#e161cc 830MiB/2.8GiB(28%)]
[DL:1.1MiB][#0076df 841MiB/3.6GiB(22%)][#e161cc 831MiB/2.8GiB(28%)]
[DL:1.1MiB][#0076df 842MiB/3.6GiB(22%)][#e161cc 831MiB/2.8GiB(28%)]
[DL:1.1MiB][#0076df 843MiB/3.6GiB(22%)][#e161cc 832MiB/2.8GiB(28%)]
[DL:1.1MiB][#0076df 843MiB/3.6GiB(22%)][#e161cc 832MiB/2.8GiB(28%)]
[DL:1.2MiB][#0076df 844MiB/3.6GiB(22%)][#e161cc 833MiB/2.8GiB(28%)]
[DL:1.1MiB][#0076df 844MiB/3.6GiB(22%)][#e161cc 833MiB/2.8GiB(28%)]
[DL:1.1MiB][#0076df 845MiB/3.6GiB(22%)][#e161cc 834MiB/2.8GiB(28%)]
[DL:1.1MiB][#0076df 845MiB/3.6GiB(22%)][#e161cc 834MiB/2.8GiB(28%)]
[DL:1.1MiB][#0076df 846MiB/3.6GiB(22%)][#e161cc 835MiB/2.8GiB(28%)]
[DL:1.1MiB][#0076df 847MiB/3.6GiB(22%)][#e161cc 836MiB/2.8GiB(28%)]
[DL:1.1MiB][#0076df 847MiB/3.6GiB(22%)][#e161cc 836MiB/2.8GiB(28%)]
[DL:1.1MiB][#0076df 848MiB/3.6GiB(22%)][#e161cc 837MiB/2.8GiB(28%)]
[DL:1.1MiB][#0076df 849MiB/3.6GiB(22%)][#e161cc 838MiB/2.8GiB(28%)]
[DL:1.1MiB][#0076df 849MiB/3.6GiB(22%)][#e161cc 838MiB/2.8GiB(28%)]
[DL:1.2MiB][#0076df 850MiB/3.6GiB(22%)][#e161cc 839MiB/2.8GiB(28%)]
[DL:1.1MiB][#0076df 850MiB/3.6GiB(22%)][#e161cc 839MiB/2.8GiB(28%)]
[DL:1.1MiB][#0076df 850MiB/3.6GiB(22%)][#e161cc 839MiB/2.8GiB(28%)]
[DL:1.1MiB][#0076df 851MiB/3.6GiB(22%)][#e161cc 840MiB/2.8GiB(28%)]
[DL:1.1MiB][#0076df 852MiB/3.6GiB(22%)][#e161cc 841MiB/2.8GiB(28%)]
[DL:1.1MiB][#0076df 852MiB/3.6GiB(22%)][#e161cc 841MiB/2.8GiB(29%)]
[DL:1.1MiB][#0076df 853MiB/3.6GiB(22%)][#e161cc 842MiB/2.8GiB(29%)]
[DL:1.1MiB][#0076df 854MiB/3.6GiB(22%)][#e161cc 843MiB/2.8GiB(29%)]
[DL:1.1MiB][#0076df 854MiB/3.6GiB(22%)][#e161cc 843MiB/2.8GiB(29%)]
[DL:1.1MiB][#0076df 855MiB/3.6GiB(22%)][#e161cc 844MiB/2.8GiB(29%)]
[DL:1.2MiB][#0076df 856MiB/3.6GiB(22%)][#e161cc 845MiB/2.8GiB(29%)]
[DL:1.1MiB][#0076df 856MiB/3.6GiB(22%)][#e161cc 845MiB/2.8GiB(29%)]
[DL:1.1MiB][#0076df 856MiB/3.6GiB(22%)][#e161cc 845MiB/2.8GiB(29%)]
[DL:1.1MiB][#0076df 857MiB/3.6GiB(22%)][#e161cc 846MiB/2.8GiB(29%)]
[DL:1.1MiB][#0076df 858MiB/3.6GiB(22%)][#e161cc 847MiB/2.8GiB(29%)]
[DL:1.1MiB][#0076df 858MiB/3.6GiB(22%)][#e161cc 847MiB/2.8GiB(29%)]
[DL:1.1MiB][#0076df 859MiB/3.6GiB(22%)][#e161cc 848MiB/2.8GiB(29%)]
[DL:1.1MiB][#0076df 860MiB/3.6GiB(22%)][#e161cc 848MiB/2.8GiB(29%)]
[DL:1.1MiB][#0076df 860MiB/3.6GiB(22%)][#e161cc 849MiB/2.8GiB(29%)]
[DL:1.1MiB][#0076df 861MiB/3.6GiB(22%)][#e161cc 850MiB/2.8GiB(29%)]
[DL:1.2MiB][#0076df 861MiB/3.6GiB(22%)][#e161cc 850MiB/2.8GiB(29%)]
[DL:1.1MiB][#0076df 861MiB/3.6GiB(22%)][#e161cc 850MiB/2.8GiB(29%)]
[DL:1.1MiB][#0076df 862MiB/3.6GiB(22%)][#e161cc 851MiB/2.8GiB(29%)]
[DL:1.1MiB][#0076df 863MiB/3.6GiB(22%)][#e161cc 852MiB/2.8GiB(29%)]
[DL:1.1MiB][#0076df 863MiB/3.6GiB(22%)][#e161cc 852MiB/2.8GiB(29%)]
[DL:1.1MiB][#0076df 864MiB/3.6GiB(22%)][#e161cc 853MiB/2.8GiB(29%)]
[DL:1.1MiB][#0076df 865MiB/3.6GiB(22%)][#e161cc 854MiB/2.8GiB(29%)]
[DL:1.1MiB][#0076df 865MiB/3.6GiB(22%)][#e161cc 854MiB/2.8GiB(29%)]
[DL:1.1MiB][#0076df 866MiB/3.6GiB(22%)][#e161cc 855MiB/2.8GiB(29%)]
[DL:1.1MiB][#0076df 867MiB/3.6GiB(22%)][#e161cc 855MiB/2.8GiB(29%)]
[DL:1.2MiB][#0076df 867MiB/3.6GiB(22%)][#e161cc 856MiB/2.8GiB(29%)]
[DL:1.1MiB][#0076df 867MiB/3.6GiB(22%)][#e161cc 856MiB/2.8GiB(29%)]
[DL:1.1MiB][#0076df 868MiB/3.6GiB(22%)][#e161cc 857MiB/2.8GiB(29%)]
[DL:1.1MiB][#0076df 869MiB/3.6GiB(22%)][#e161cc 857MiB/2.8GiB(29%)]
[DL:1.1MiB][#0076df 869MiB/3.6GiB(22%)][#e161cc 858MiB/2.8GiB(29%)]
[DL:1.1MiB][#0076df 870MiB/3.6GiB(23%)][#e161cc 859MiB/2.8GiB(29%)]
[DL:1.1MiB][#0076df 871MiB/3.6GiB(23%)][#e161cc 859MiB/2.8GiB(29%)]
[DL:1.1MiB][#0076df 871MiB/3.6GiB(23%)][#e161cc 860MiB/2.8GiB(29%)]
[DL:1.1MiB][#0076df 872MiB/3.6GiB(23%)][#e161cc 861MiB/2.8GiB(29%)]
[DL:1.1MiB][#0076df 872MiB/3.6GiB(23%)][#e161cc 861MiB/2.8GiB(29%)]
[DL:1.2MiB][#0076df 873MiB/3.6GiB(23%)][#e161cc 862MiB/2.8GiB(29%)]
[DL:1.1MiB][#0076df 873MiB/3.6GiB(23%)][#e161cc 862MiB/2.8GiB(29%)]
[DL:1.1MiB][#0076df 874MiB/3.6GiB(23%)][#e161cc 862MiB/2.8GiB(29%)]
[DL:1.1MiB][#0076df 874MiB/3.6GiB(23%)][#e161cc 863MiB/2.8GiB(29%)]
[DL:1.1MiB][#0076df 875MiB/3.6GiB(23%)][#e161cc 864MiB/2.8GiB(29%)]
[DL:1.1MiB][#0076df 876MiB/3.6GiB(23%)][#e161cc 864MiB/2.8GiB(29%)]
[DL:1.1MiB][#0076df 876MiB/3.6GiB(23%)][#e161cc 865MiB/2.8GiB(29%)]
[DL:1.1MiB][#0076df 877MiB/3.6GiB(23%)][#e161cc 866MiB/2.8GiB(29%)]
[DL:1.1MiB][#0076df 878MiB/3.6GiB(23%)][#e161cc 866MiB/2.8GiB(29%)]
[DL:1.1MiB][#0076df 878MiB/3.6GiB(23%)][#e161cc 867MiB/2.8GiB(29%)]
[DL:1.2MiB][#0076df 879MiB/3.6GiB(23%)][#e161cc 868MiB/2.8GiB(29%)]
[DL:1.1MiB][#0076df 879MiB/3.6GiB(23%)][#e161cc 868MiB/2.8GiB(29%)]
[DL:1.1MiB][#0076df 880MiB/3.6GiB(23%)][#e161cc 868MiB/2.8GiB(29%)]
[DL:1.1MiB][#0076df 880MiB/3.6GiB(23%)][#e161cc 869MiB/2.8GiB(29%)]
[DL:1.1MiB][#0076df 881MiB/3.6GiB(23%)][#e161cc 870MiB/2.8GiB(29%)]
[DL:1.1MiB][#0076df 881MiB/3.6GiB(23%)][#e161cc 870MiB/2.8GiB(30%)]
[DL:1.1MiB][#0076df 882MiB/3.6GiB(23%)][#e161cc 871MiB/2.8GiB(30%)]
[DL:1.1MiB][#0076df 883MiB/3.6GiB(23%)][#e161cc 871MiB/2.8GiB(30%)]
[DL:1.1MiB][#0076df 883MiB/3.6GiB(23%)][#e161cc 872MiB/2.8GiB(30%)]
[DL:1.1MiB][#0076df 884MiB/3.6GiB(23%)][#e161cc 873MiB/2.8GiB(30%)]
[DL:1.2MiB][#0076df 885MiB/3.6GiB(23%)][#e161cc 873MiB/2.8GiB(30%)]
[DL:1.1MiB][#0076df 885MiB/3.6GiB(23%)][#e161cc 873MiB/2.8GiB(30%)]
[DL:1.1MiB][#0076df 885MiB/3.6GiB(23%)][#e161cc 874MiB/2.8GiB(30%)]
[DL:1.1MiB][#0076df 886MiB/3.6GiB(23%)][#e161cc 875MiB/2.8GiB(30%)]
[DL:1.1MiB][#0076df 887MiB/3.6GiB(23%)][#e161cc 875MiB/2.8GiB(30%)]
[DL:1.1MiB][#0076df 887MiB/3.6GiB(23%)][#e161cc 876MiB/2.8GiB(30%)]
[DL:1.1MiB][#0076df 888MiB/3.6GiB(23%)][#e161cc 877MiB/2.8GiB(30%)]
[DL:1.1MiB][#0076df 889MiB/3.6GiB(23%)][#e161cc 877MiB/2.8GiB(30%)]
[DL:1.1MiB][#0076df 889MiB/3.6GiB(23%)][#e161cc 878MiB/2.8GiB(30%)]
[DL:1.1MiB][#0076df 890MiB/3.6GiB(23%)][#e161cc 878MiB/2.8GiB(30%)]
[DL:1.2MiB][#0076df 890MiB/3.6GiB(23%)][#e161cc 879MiB/2.8GiB(30%)]
[DL:1.1MiB][#0076df 891MiB/3.6GiB(23%)][#e161cc 879MiB/2.8GiB(30%)]
[DL:1.1MiB][#0076df 891MiB/3.6GiB(23%)][#e161cc 880MiB/2.8GiB(30%)]
[DL:1.1MiB][#0076df 892MiB/3.6GiB(23%)][#e161cc 880MiB/2.8GiB(30%)]
[DL:1.1MiB][#0076df 892MiB/3.6GiB(23%)][#e161cc 881MiB/2.8GiB(30%)]
[DL:1.1MiB][#0076df 893MiB/3.6GiB(23%)][#e161cc 882MiB/2.8GiB(30%)]
[DL:1.1MiB][#0076df 894MiB/3.6GiB(23%)][#e161cc 882MiB/2.8GiB(30%)]
[DL:1.1MiB][#0076df 894MiB/3.6GiB(23%)][#e161cc 883MiB/2.8GiB(30%)]
[DL:1.1MiB][#0076df 895MiB/3.6GiB(23%)][#e161cc 883MiB/2.8GiB(30%)]
[DL:1.1MiB][#0076df 896MiB/3.6GiB(23%)][#e161cc 884MiB/2.8GiB(30%)]
[DL:1.2MiB][#0076df 896MiB/3.6GiB(23%)][#e161cc 885MiB/2.8GiB(30%)]
[DL:1.1MiB][#0076df 896MiB/3.6GiB(23%)][#e161cc 885MiB/2.8GiB(30%)]
[DL:1.1MiB][#0076df 897MiB/3.6GiB(23%)][#e161cc 885MiB/2.8GiB(30%)]
[DL:1.1MiB][#0076df 898MiB/3.6GiB(23%)][#e161cc 886MiB/2.8GiB(30%)]
[DL:1.1MiB][#0076df 898MiB/3.6GiB(23%)][#e161cc 887MiB/2.8GiB(30%)]
[DL:1.1MiB][#0076df 899MiB/3.6GiB(23%)][#e161cc 887MiB/2.8GiB(30%)]
[DL:1.1MiB][#0076df 900MiB/3.6GiB(23%)][#e161cc 888MiB/2.8GiB(30%)]
[DL:1.1MiB][#0076df 900MiB/3.6GiB(23%)][#e161cc 889MiB/2.8GiB(30%)]
[DL:1.1MiB][#0076df 901MiB/3.6GiB(23%)][#e161cc 889MiB/2.8GiB(30%)]
[DL:1.1MiB][#0076df 901MiB/3.6GiB(23%)][#e161cc 890MiB/2.8GiB(30%)]
[DL:1.2MiB][#0076df 902MiB/3.6GiB(23%)][#e161cc 890MiB/2.8GiB(30%)]
[DL:1.1MiB][#0076df 902MiB/3.6GiB(23%)][#e161cc 890MiB/2.8GiB(30%)]
[DL:1.1MiB][#0076df 903MiB/3.6GiB(23%)][#e161cc 891MiB/2.8GiB(30%)]
[DL:1.1MiB][#0076df 903MiB/3.6GiB(23%)][#e161cc 892MiB/2.8GiB(30%)]
[DL:1.1MiB][#0076df 904MiB/3.6GiB(23%)][#e161cc 892MiB/2.8GiB(30%)]
[DL:1.1MiB][#0076df 905MiB/3.6GiB(23%)][#e161cc 893MiB/2.8GiB(30%)]
[DL:1.1MiB][#0076df 905MiB/3.6GiB(23%)][#e161cc 894MiB/2.8GiB(30%)]
[DL:1.1MiB][#0076df 906MiB/3.6GiB(23%)][#e161cc 894MiB/2.8GiB(30%)]
[DL:1.1MiB][#0076df 907MiB/3.6GiB(23%)][#e161cc 895MiB/2.8GiB(30%)]
[DL:1.1MiB][#0076df 907MiB/3.6GiB(23%)][#e161cc 896MiB/2.8GiB(30%)]
[DL:1.2MiB][#0076df 908MiB/3.6GiB(24%)][#e161cc 896MiB/2.8GiB(30%)]
[DL:1.1MiB][#0076df 908MiB/3.6GiB(24%)][#e161cc 896MiB/2.8GiB(30%)]
[DL:1.1MiB][#0076df 909MiB/3.6GiB(24%)][#e161cc 897MiB/2.8GiB(30%)]
[DL:1.1MiB][#0076df 909MiB/3.6GiB(24%)][#e161cc 897MiB/2.8GiB(30%)]
[DL:1.1MiB][#0076df 910MiB/3.6GiB(24%)][#e161cc 898MiB/2.8GiB(30%)]
[DL:1.1MiB][#0076df 911MiB/3.6GiB(24%)][#e161cc 899MiB/2.8GiB(30%)]
[DL:1.1MiB][#0076df 911MiB/3.6GiB(24%)][#e161cc 899MiB/2.8GiB(31%)]
[DL:1.1MiB][#0076df 912MiB/3.6GiB(24%)][#e161cc 900MiB/2.8GiB(31%)]
[DL:1.1MiB][#0076df 912MiB/3.6GiB(24%)][#e161cc 901MiB/2.8GiB(31%)]
[DL:1.1MiB][#0076df 913MiB/3.6GiB(24%)][#e161cc 901MiB/2.8GiB(31%)]
[DL:1.2MiB][#0076df 914MiB/3.6GiB(24%)][#e161cc 902MiB/2.8GiB(31%)]
[DL:1.1MiB][#0076df 914MiB/3.6GiB(24%)][#e161cc 902MiB/2.8GiB(31%)]
[DL:1.1MiB][#0076df 914MiB/3.6GiB(24%)][#e161cc 903MiB/2.8GiB(31%)]
[DL:1.1MiB][#0076df 915MiB/3.6GiB(24%)][#e161cc 903MiB/2.8GiB(31%)]
[DL:1.1MiB][#0076df 916MiB/3.6GiB(24%)][#e161cc 904MiB/2.8GiB(31%)]
[DL:1.1MiB][#0076df 916MiB/3.6GiB(24%)][#e161cc 904MiB/2.8GiB(31%)]
[DL:1.1MiB][#0076df 917MiB/3.6GiB(24%)][#e161cc 905MiB/2.8GiB(31%)]
[DL:1.1MiB][#0076df 918MiB/3.6GiB(24%)][#e161cc 906MiB/2.8GiB(31%)]
[DL:1.1MiB][#0076df 918MiB/3.6GiB(24%)][#e161cc 906MiB/2.8GiB(31%)]
[DL:1.1MiB][#0076df 919MiB/3.6GiB(24%)][#e161cc 907MiB/2.8GiB(31%)]
[DL:1.2MiB][#0076df 919MiB/3.6GiB(24%)][#e161cc 908MiB/2.8GiB(31%)]
[DL:1.1MiB][#0076df 919MiB/3.6GiB(24%)][#e161cc 908MiB/2.8GiB(31%)]
[DL:1.1MiB][#0076df 920MiB/3.6GiB(24%)][#e161cc 908MiB/2.8GiB(31%)]
[DL:1.1MiB][#0076df 921MiB/3.6GiB(24%)][#e161cc 909MiB/2.8GiB(31%)]
[DL:1.1MiB][#0076df 921MiB/3.6GiB(24%)][#e161cc 910MiB/2.8GiB(31%)]
[DL:1.1MiB][#0076df 0.9GiB/3.6GiB(24%)][#e161cc 910MiB/2.8GiB(31%)]
[DL:1.1MiB][#0076df 0.9GiB/3.6GiB(24%)][#e161cc 911MiB/2.8GiB(31%)]
[DL:1.1MiB][#0076df 0.9GiB/3.6GiB(24%)][#e161cc 911MiB/2.8GiB(31%)]
[DL:1.1MiB][#0076df 0.9GiB/3.6GiB(24%)][#e161cc 912MiB/2.8GiB(31%)]
[DL:1.1MiB][#0076df 0.9GiB/3.6GiB(24%)][#e161cc 913MiB/2.8GiB(31%)]
[DL:1.2MiB][#0076df 0.9GiB/3.6GiB(24%)][#e161cc 913MiB/2.8GiB(31%)]
[DL:1.1MiB][#0076df 0.9GiB/3.6GiB(24%)][#e161cc 913MiB/2.8GiB(31%)]
[DL:1.1MiB][#0076df 0.9GiB/3.6GiB(24%)][#e161cc 914MiB/2.8GiB(31%)]
[DL:1.1MiB][#0076df 0.9GiB/3.6GiB(24%)][#e161cc 915MiB/2.8GiB(31%)]
[DL:1.1MiB][#0076df 0.9GiB/3.6GiB(24%)][#e161cc 915MiB/2.8GiB(31%)]
[DL:1.1MiB][#0076df 0.9GiB/3.6GiB(24%)][#e161cc 916MiB/2.8GiB(31%)]
[DL:1.1MiB][#0076df 0.9GiB/3.6GiB(24%)][#e161cc 917MiB/2.8GiB(31%)]
[DL:1.1MiB][#0076df 0.9GiB/3.6GiB(24%)][#e161cc 917MiB/2.8GiB(31%)]
[DL:1.1MiB][#0076df 0.9GiB/3.6GiB(24%)][#e161cc 918MiB/2.8GiB(31%)]
[DL:1.1MiB][#0076df 0.9GiB/3.6GiB(24%)][#e161cc 918MiB/2.8GiB(31%)]
[DL:1.2MiB][#0076df 0.9GiB/3.6GiB(24%)][#e161cc 919MiB/2.8GiB(31%)]
[DL:1.1MiB][#0076df 0.9GiB/3.6GiB(24%)][#e161cc 919MiB/2.8GiB(31%)]
[DL:1.1MiB][#0076df 0.9GiB/3.6GiB(24%)][#e161cc 920MiB/2.8GiB(31%)]
[DL:1.1MiB][#0076df 0.9GiB/3.6GiB(24%)][#e161cc 920MiB/2.8GiB(31%)]
[DL:1.1MiB][#0076df 0.9GiB/3.6GiB(24%)][#e161cc 921MiB/2.8GiB(31%)]
[DL:1.1MiB][#0076df 0.9GiB/3.6GiB(24%)][#e161cc 0.9GiB/2.8GiB(31%)]
[DL:1.1MiB][#0076df 0.9GiB/3.6GiB(24%)][#e161cc 0.9GiB/2.8GiB(31%)]
[DL:1.1MiB][#0076df 0.9GiB/3.6GiB(24%)][#e161cc 0.9GiB/2.8GiB(31%)]
[DL:1.1MiB][#0076df 0.9GiB/3.6GiB(24%)][#e161cc 0.9GiB/2.8GiB(31%)]
[DL:1.1MiB][#0076df 0.9GiB/3.6GiB(24%)][#e161cc 0.9GiB/2.8GiB(31%)]
[DL:1.2MiB][#0076df 0.9GiB/3.6GiB(24%)][#e161cc 0.9GiB/2.8GiB(31%)]
[DL:1.1MiB][#0076df 0.9GiB/3.6GiB(24%)][#e161cc 0.9GiB/2.8GiB(31%)]
[DL:1.1MiB][#0076df 0.9GiB/3.6GiB(24%)][#e161cc 0.9GiB/2.8GiB(31%)]
[DL:1.1MiB][#0076df 0.9GiB/3.6GiB(24%)][#e161cc 0.9GiB/2.8GiB(31%)]
[DL:1.1MiB][#0076df 0.9GiB/3.6GiB(24%)][#e161cc 0.9GiB/2.8GiB(31%)]
[DL:1.1MiB][#0076df 0.9GiB/3.6GiB(24%)][#e161cc 0.9GiB/2.8GiB(31%)]
[DL:1.1MiB][#0076df 0.9GiB/3.6GiB(24%)][#e161cc 0.9GiB/2.8GiB(31%)]
[DL:1.1MiB][#0076df 0.9GiB/3.6GiB(24%)][#e161cc 0.9GiB/2.8GiB(32%)]
[DL:1.1MiB][#0076df 0.9GiB/3.6GiB(24%)][#e161cc 0.9GiB/2.8GiB(32%)]
[DL:1.1MiB][#0076df 0.9GiB/3.6GiB(24%)][#e161cc 0.9GiB/2.8GiB(32%)]
[DL:1.2MiB][#0076df 0.9GiB/3.6GiB(24%)][#e161cc 0.9GiB/2.8GiB(32%)]
[DL:1.1MiB][#0076df 0.9GiB/3.6GiB(24%)][#e161cc 0.9GiB/2.8GiB(32%)]
[DL:1.1MiB][#0076df 0.9GiB/3.6GiB(24%)][#e161cc 0.9GiB/2.8GiB(32%)]
[DL:1.1MiB][#0076df 0.9GiB/3.6GiB(24%)][#e161cc 0.9GiB/2.8GiB(32%)]
[DL:1.1MiB][#0076df 0.9GiB/3.6GiB(24%)][#e161cc 0.9GiB/2.8GiB(32%)]
[DL:1.1MiB][#0076df 0.9GiB/3.6GiB(24%)][#e161cc 0.9GiB/2.8GiB(32%)]
[DL:1.1MiB][#0076df 0.9GiB/3.6GiB(25%)][#e161cc 0.9GiB/2.8GiB(32%)]
[DL:1.1MiB][#0076df 0.9GiB/3.6GiB(25%)][#e161cc 0.9GiB/2.8GiB(32%)]
[DL:1.1MiB][#0076df 0.9GiB/3.6GiB(25%)][#e161cc 0.9GiB/2.8GiB(32%)]
[DL:1.1MiB][#0076df 0.9GiB/3.6GiB(25%)][#e161cc 0.9GiB/2.8GiB(32%)]
[DL:1.2MiB][#0076df 0.9GiB/3.6GiB(25%)][#e161cc 0.9GiB/2.8GiB(32%)]
[DL:1.1MiB][#0076df 0.9GiB/3.6GiB(25%)][#e161cc 0.9GiB/2.8GiB(32%)]
[DL:1.1MiB][#0076df 0.9GiB/3.6GiB(25%)][#e161cc 0.9GiB/2.8GiB(32%)]
[DL:1.1MiB][#0076df 0.9GiB/3.6GiB(25%)][#e161cc 0.9GiB/2.8GiB(32%)]
[DL:1.1MiB][#0076df 0.9GiB/3.6GiB(25%)][#e161cc 0.9GiB/2.8GiB(32%)]
[DL:1.1MiB][#0076df 0.9GiB/3.6GiB(25%)][#e161cc 0.9GiB/2.8GiB(32%)]
[DL:1.1MiB][#0076df 0.9GiB/3.6GiB(25%)][#e161cc 0.9GiB/2.8GiB(32%)]
[DL:1.1MiB][#0076df 0.9GiB/3.6GiB(25%)][#e161cc 0.9GiB/2.8GiB(32%)]
[DL:1.1MiB][#0076df 0.9GiB/3.6GiB(25%)][#e161cc 0.9GiB/2.8GiB(32%)]
[DL:1.1MiB][#0076df 0.9GiB/3.6GiB(25%)][#e161cc 0.9GiB/2.8GiB(32%)]
[DL:1.2MiB][#0076df 0.9GiB/3.6GiB(25%)][#e161cc 0.9GiB/2.8GiB(32%)]
[DL:1.1MiB][#0076df 0.9GiB/3.6GiB(25%)][#e161cc 0.9GiB/2.8GiB(32%)]
[DL:1.1MiB][#0076df 0.9GiB/3.6GiB(25%)][#e161cc 0.9GiB/2.8GiB(32%)]
[DL:1.1MiB][#0076df 0.9GiB/3.6GiB(25%)][#e161cc 0.9GiB/2.8GiB(32%)]
[DL:1.1MiB][#0076df 0.9GiB/3.6GiB(25%)][#e161cc 0.9GiB/2.8GiB(32%)]
[DL:1.1MiB][#0076df 0.9GiB/3.6GiB(25%)][#e161cc 0.9GiB/2.8GiB(32%)]
[DL:1.1MiB][#0076df 0.9GiB/3.6GiB(25%)][#e161cc 0.9GiB/2.8GiB(32%)]
[DL:1.1MiB][#0076df 0.9GiB/3.6GiB(25%)][#e161cc 0.9GiB/2.8GiB(32%)]
[DL:1.1MiB][#0076df 0.9GiB/3.6GiB(25%)][#e161cc 0.9GiB/2.8GiB(32%)]
[DL:1.1MiB][#0076df 0.9GiB/3.6GiB(25%)][#e161cc 0.9GiB/2.8GiB(32%)]
[DL:1.2MiB][#0076df 0.9GiB/3.6GiB(25%)][#e161cc 0.9GiB/2.8GiB(32%)]
[DL:1.1MiB][#0076df 0.9GiB/3.6GiB(25%)][#e161cc 0.9GiB/2.8GiB(32%)]
[DL:1.1MiB][#0076df 0.9GiB/3.6GiB(25%)][#e161cc 0.9GiB/2.8GiB(32%)]
[DL:1.1MiB][#0076df 0.9GiB/3.6GiB(25%)][#e161cc 0.9GiB/2.8GiB(32%)]
[DL:1.1MiB][#0076df 0.9GiB/3.6GiB(25%)][#e161cc 0.9GiB/2.8GiB(32%)]
[DL:1.1MiB][#0076df 0.9GiB/3.6GiB(25%)][#e161cc 0.9GiB/2.8GiB(32%)]
[DL:1.1MiB][#0076df 0.9GiB/3.6GiB(25%)][#e161cc 0.9GiB/2.8GiB(32%)]
[DL:1.1MiB][#0076df 0.9GiB/3.6GiB(25%)][#e161cc 0.9GiB/2.8GiB(32%)]
[DL:1.1MiB][#0076df 0.9GiB/3.6GiB(25%)][#e161cc 0.9GiB/2.8GiB(32%)]
[DL:1.1MiB][#0076df 0.9GiB/3.6GiB(25%)][#e161cc 0.9GiB/2.8GiB(32%)]
[DL:1.2MiB][#0076df 0.9GiB/3.6GiB(25%)][#e161cc 0.9GiB/2.8GiB(32%)]
[DL:1.1MiB][#0076df 0.9GiB/3.6GiB(25%)][#e161cc 0.9GiB/2.8GiB(32%)]
[DL:1.1MiB][#0076df 0.9GiB/3.6GiB(25%)][#e161cc 0.9GiB/2.8GiB(32%)]
[DL:1.1MiB][#0076df 0.9GiB/3.6GiB(25%)][#e161cc 0.9GiB/2.8GiB(32%)]
[DL:1.1MiB][#0076df 0.9GiB/3.6GiB(25%)][#e161cc 0.9GiB/2.8GiB(32%)]
[DL:1.1MiB][#0076df 0.9GiB/3.6GiB(25%)][#e161cc 0.9GiB/2.8GiB(32%)]
[DL:1.1MiB][#0076df 0.9GiB/3.6GiB(25%)][#e161cc 0.9GiB/2.8GiB(32%)]
[DL:1.1MiB][#0076df 0.9GiB/3.6GiB(25%)][#e161cc 0.9GiB/2.8GiB(33%)]
[DL:1.1MiB][#0076df 0.9GiB/3.6GiB(25%)][#e161cc 0.9GiB/2.8GiB(33%)]
[DL:1.1MiB][#0076df 0.9GiB/3.6GiB(25%)][#e161cc 0.9GiB/2.8GiB(33%)]
[DL:1.2MiB][#0076df 0.9GiB/3.6GiB(25%)][#e161cc 0.9GiB/2.8GiB(33%)]
[DL:1.1MiB][#0076df 0.9GiB/3.6GiB(25%)][#e161cc 0.9GiB/2.8GiB(33%)]
[DL:1.1MiB][#0076df 0.9GiB/3.6GiB(25%)][#e161cc 0.9GiB/2.8GiB(33%)]
[DL:1.1MiB][#0076df 0.9GiB/3.6GiB(25%)][#e161cc 0.9GiB/2.8GiB(33%)]
[DL:1.1MiB][#0076df 0.9GiB/3.6GiB(25%)][#e161cc 0.9GiB/2.8GiB(33%)]
[DL:1.1MiB][#0076df 0.9GiB/3.6GiB(25%)][#e161cc 0.9GiB/2.8GiB(33%)]
[DL:1.1MiB][#0076df 0.9GiB/3.6GiB(25%)][#e161cc 0.9GiB/2.8GiB(33%)]
[DL:1.1MiB][#0076df 0.9GiB/3.6GiB(25%)][#e161cc 0.9GiB/2.8GiB(33%)]
[DL:1.1MiB][#0076df 0.9GiB/3.6GiB(25%)][#e161cc 0.9GiB/2.8GiB(33%)]
[DL:1.2MiB][#0076df 0.9GiB/3.6GiB(25%)][#e161cc 0.9GiB/2.8GiB(33%)]
[DL:1.1MiB][#0076df 0.9GiB/3.6GiB(25%)][#e161cc 0.9GiB/2.8GiB(33%)]
[DL:1.1MiB][#0076df 0.9GiB/3.6GiB(25%)][#e161cc 0.9GiB/2.8GiB(33%)]
[DL:1.1MiB][#0076df 0.9GiB/3.6GiB(25%)][#e161cc 0.9GiB/2.8GiB(33%)]
[DL:1.1MiB][#0076df 0.9GiB/3.6GiB(25%)][#e161cc 0.9GiB/2.8GiB(33%)]
[DL:1.1MiB][#0076df 0.9GiB/3.6GiB(25%)][#e161cc 0.9GiB/2.8GiB(33%)]
[DL:1.1MiB][#0076df 0.9GiB/3.6GiB(25%)][#e161cc 0.9GiB/2.8GiB(33%)]
[DL:1.1MiB][#0076df 0.9GiB/3.6GiB(25%)][#e161cc 0.9GiB/2.8GiB(33%)]
[DL:1.1MiB][#0076df 0.9GiB/3.6GiB(25%)][#e161cc 0.9GiB/2.8GiB(33%)]
[DL:1.1MiB][#0076df 0.9GiB/3.6GiB(25%)][#e161cc 0.9GiB/2.8GiB(33%)]
[DL:1.2MiB][#0076df 0.9GiB/3.6GiB(25%)][#e161cc 0.9GiB/2.8GiB(33%)]
[DL:1.1MiB][#0076df 0.9GiB/3.6GiB(25%)][#e161cc 0.9GiB/2.8GiB(33%)]
[DL:1.1MiB][#0076df 0.9GiB/3.6GiB(26%)][#e161cc 0.9GiB/2.8GiB(33%)]
[DL:1.1MiB][#0076df 0.9GiB/3.6GiB(26%)][#e161cc 0.9GiB/2.8GiB(33%)]
[DL:1.1MiB][#0076df 0.9GiB/3.6GiB(26%)][#e161cc 0.9GiB/2.8GiB(33%)]
[DL:1.1MiB][#0076df 0.9GiB/3.6GiB(26%)][#e161cc 0.9GiB/2.8GiB(33%)]
[DL:1.1MiB][#0076df 0.9GiB/3.6GiB(26%)][#e161cc 0.9GiB/2.8GiB(33%)]
[DL:1.1MiB][#0076df 0.9GiB/3.6GiB(26%)][#e161cc 0.9GiB/2.8GiB(33%)]
[DL:1.1MiB][#0076df 0.9GiB/3.6GiB(26%)][#e161cc 0.9GiB/2.8GiB(33%)]
[DL:1.1MiB][#0076df 0.9GiB/3.6GiB(26%)][#e161cc 0.9GiB/2.8GiB(33%)]
[DL:1.2MiB][#0076df 0.9GiB/3.6GiB(26%)][#e161cc 0.9GiB/2.8GiB(33%)]
[DL:1.1MiB][#0076df 0.9GiB/3.6GiB(26%)][#e161cc 0.9GiB/2.8GiB(33%)]
[DL:1.1MiB][#0076df 0.9GiB/3.6GiB(26%)][#e161cc 0.9GiB/2.8GiB(33%)]
[DL:1.1MiB][#0076df 0.9GiB/3.6GiB(26%)][#e161cc 0.9GiB/2.8GiB(33%)]
[DL:1.1MiB][#0076df 0.9GiB/3.6GiB(26%)][#e161cc 0.9GiB/2.8GiB(33%)]
[DL:1.1MiB][#0076df 0.9GiB/3.6GiB(26%)][#e161cc 0.9GiB/2.8GiB(33%)]
[DL:1.1MiB][#0076df 0.9GiB/3.6GiB(26%)][#e161cc 0.9GiB/2.8GiB(33%)]
[DL:1.1MiB][#0076df 0.9GiB/3.6GiB(26%)][#e161cc 0.9GiB/2.8GiB(33%)]
[DL:1.1MiB][#0076df 0.9GiB/3.6GiB(26%)][#e161cc 0.9GiB/2.8GiB(33%)]
[DL:1.1MiB][#0076df 0.9GiB/3.6GiB(26%)][#e161cc 0.9GiB/2.8GiB(33%)]
[DL:1.2MiB][#0076df 0.9GiB/3.6GiB(26%)][#e161cc 0.9GiB/2.8GiB(33%)]
[DL:1.1MiB][#0076df 0.9GiB/3.6GiB(26%)][#e161cc 0.9GiB/2.8GiB(33%)]
[DL:1.1MiB][#0076df 0.9GiB/3.6GiB(26%)][#e161cc 0.9GiB/2.8GiB(33%)]
[DL:1.1MiB][#0076df 0.9GiB/3.6GiB(26%)][#e161cc 0.9GiB/2.8GiB(33%)]
[DL:1.1MiB][#0076df 0.9GiB/3.6GiB(26%)][#e161cc 0.9GiB/2.8GiB(33%)]
[DL:1.1MiB][#0076df 0.9GiB/3.6GiB(26%)][#e161cc 0.9GiB/2.8GiB(33%)]
[DL:1.1MiB][#0076df 0.9GiB/3.6GiB(26%)][#e161cc 0.9GiB/2.8GiB(33%)]
[DL:1.1MiB][#0076df 0.9GiB/3.6GiB(26%)][#e161cc 0.9GiB/2.8GiB(33%)]
[DL:1.1MiB][#0076df 0.9GiB/3.6GiB(26%)][#e161cc 0.9GiB/2.8GiB(34%)]
[DL:1.1MiB][#0076df 0.9GiB/3.6GiB(26%)][#e161cc 0.9GiB/2.8GiB(34%)]
[DL:1.2MiB][#0076df 0.9GiB/3.6GiB(26%)][#e161cc 0.9GiB/2.8GiB(34%)]
[DL:1.1MiB][#0076df 0.9GiB/3.6GiB(26%)][#e161cc 0.9GiB/2.8GiB(34%)]
[DL:1.1MiB][#0076df 0.9GiB/3.6GiB(26%)][#e161cc 0.9GiB/2.8GiB(34%)]
[DL:1.1MiB][#0076df 0.9GiB/3.6GiB(26%)][#e161cc 0.9GiB/2.8GiB(34%)]
[DL:1.1MiB][#0076df 0.9GiB/3.6GiB(26%)][#e161cc 0.9GiB/2.8GiB(34%)]
[DL:1.1MiB][#0076df 0.9GiB/3.6GiB(26%)][#e161cc 0.9GiB/2.8GiB(34%)]
[DL:1.1MiB][#0076df 0.9GiB/3.6GiB(26%)][#e161cc 0.9GiB/2.8GiB(34%)]
[DL:1.1MiB][#0076df 0.9GiB/3.6GiB(26%)][#e161cc 0.9GiB/2.8GiB(34%)]
[DL:1.1MiB][#0076df 0.9GiB/3.6GiB(26%)][#e161cc 0.9GiB/2.8GiB(34%)]
[DL:1.1MiB][#0076df 0.9GiB/3.6GiB(26%)][#e161cc 0.9GiB/2.8GiB(34%)]
[DL:1.2MiB][#0076df 0.9GiB/3.6GiB(26%)][#e161cc 0.9GiB/2.8GiB(34%)]
[DL:1.1MiB][#0076df 0.9GiB/3.6GiB(26%)][#e161cc 0.9GiB/2.8GiB(34%)]
[DL:1.1MiB][#0076df 0.9GiB/3.6GiB(26%)][#e161cc 0.9GiB/2.8GiB(34%)]
[DL:1.1MiB][#0076df 0.9GiB/3.6GiB(26%)][#e161cc 0.9GiB/2.8GiB(34%)]
[DL:1.1MiB][#0076df 0.9GiB/3.6GiB(26%)][#e161cc 0.9GiB/2.8GiB(34%)]
[DL:1.1MiB][#0076df 0.9GiB/3.6GiB(26%)][#e161cc 0.9GiB/2.8GiB(34%)]
[DL:1.1MiB][#0076df 0.9GiB/3.6GiB(26%)][#e161cc 0.9GiB/2.8GiB(34%)]
 *** Download Progress Summary as of Sat Aug 15 23:03:00 2026 *** 
===============================================================================
[#0076df 0.9GiB/3.6GiB(26%) CN:1 DL:584KiB ETA:1h21m]
FILE: /srv/modelstripe/qwen/Qwen3.8-27B/6026d6bb4baa574f54205e2894816127bcf444bb4f727aa76a4fd3c90e810140
-------------------------------------------------------------------------------
[#e161cc 0.9GiB/2.8GiB(34%) CN:1 DL:575KiB ETA:56m29s]
FILE: /srv/modelstripe/qwen/Qwen3.8-27B/9c56e976ca79eb9ff5c91e64f51cdefb5f6b2651c96d8569df49033f79642d78
-------------------------------------------------------------------------------

[DL:1.1MiB][#0076df 0.9GiB/3.6GiB(26%)][#e161cc 0.9GiB/2.8GiB(34%)]
[DL:1.1MiB][#0076df 0.9GiB/3.6GiB(26%)][#e161cc 0.9GiB/2.8GiB(34%)]
[DL:1.1MiB][#0076df 0.9GiB/3.6GiB(26%)][#e161cc 0.9GiB/2.8GiB(34%)]
[DL:1.2MiB][#0076df 0.9GiB/3.6GiB(26%)][#e161cc 0.9GiB/2.8GiB(34%)]
[DL:1.1MiB][#0076df 0.9GiB/3.6GiB(26%)][#e161cc 0.9GiB/2.8GiB(34%)]
[DL:1.1MiB][#0076df 0.9GiB/3.6GiB(26%)][#e161cc 0.9GiB/2.8GiB(34%)]
[DL:1.1MiB][#0076df 0.9GiB/3.6GiB(26%)][#e161cc 0.9GiB/2.8GiB(34%)]
[DL:1.1MiB][#0076df 0.9GiB/3.6GiB(26%)][#e161cc 0.9GiB/2.8GiB(34%)]
[DL:1.1MiB][#0076df 0.9GiB/3.6GiB(26%)][#e161cc 0.9GiB/2.8GiB(34%)]
[DL:1.1MiB][#0076df 0.9GiB/3.6GiB(26%)][#e161cc 0.9GiB/2.8GiB(34%)]
[DL:1.1MiB][#0076df 0.9GiB/3.6GiB(26%)][#e161cc 0.9GiB/2.8GiB(34%)]
[DL:1.1MiB][#0076df 0.9GiB/3.6GiB(26%)][#e161cc 0.9GiB/2.8GiB(34%)]
[DL:1.1MiB][#0076df 0.9GiB/3.6GiB(26%)][#e161cc 0.9GiB/2.8GiB(34%)]
[DL:1.2MiB][#0076df 0.9GiB/3.6GiB(26%)][#e161cc 0.9GiB/2.8GiB(34%)]
[DL:1.1MiB][#0076df 0.9GiB/3.6GiB(26%)][#e161cc 0.9GiB/2.8GiB(34%)]
[DL:1.1MiB][#0076df 0.9GiB/3.6GiB(26%)][#e161cc 0.9GiB/2.8GiB(34%)]
[DL:1.1MiB][#0076df 0.9GiB/3.6GiB(26%)][#e161cc 0.9GiB/2.8GiB(34%)]
[DL:1.1MiB][#0076df 0.9GiB/3.6GiB(26%)][#e161cc 0.9GiB/2.8GiB(34%)]
[DL:1.1MiB][#0076df 0.9GiB/3.6GiB(26%)][#e161cc 0.9GiB/2.8GiB(34%)]
[DL:1.1MiB][#0076df 0.9GiB/3.6GiB(27%)][#e161cc 0.9GiB/2.8GiB(34%)]
[DL:1.1MiB][#0076df 0.9GiB/3.6GiB(27%)][#e161cc 0.9GiB/2.8GiB(34%)]
[DL:1.1MiB][#0076df 0.9GiB/3.6GiB(27%)][#e161cc 0.9GiB/2.8GiB(34%)]
[DL:1.1MiB][#0076df 0.9GiB/3.6GiB(27%)][#e161cc 0.9GiB/2.8GiB(34%)]
[DL:1.2MiB][#0076df 1.0GiB/3.6GiB(27%)][#e161cc 0.9GiB/2.8GiB(34%)]
[DL:1.1MiB][#0076df 1.0GiB/3.6GiB(27%)][#e161cc 0.9GiB/2.8GiB(34%)]
[DL:1.1MiB][#0076df 1.0GiB/3.6GiB(27%)][#e161cc 0.9GiB/2.8GiB(34%)]
[DL:1.1MiB][#0076df 1.0GiB/3.6GiB(27%)][#e161cc 0.9GiB/2.8GiB(34%)]
[DL:1.1MiB][#0076df 1.0GiB/3.6GiB(27%)][#e161cc 0.9GiB/2.8GiB(34%)]
[DL:1.1MiB][#0076df 1.0GiB/3.6GiB(27%)][#e161cc 0.9GiB/2.8GiB(34%)]
[DL:1.1MiB][#0076df 1.0GiB/3.6GiB(27%)][#e161cc 0.9GiB/2.8GiB(34%)]
[DL:1.1MiB][#0076df 1.0GiB/3.6GiB(27%)][#e161cc 0.9GiB/2.8GiB(34%)]
[DL:1.1MiB][#0076df 1.0GiB/3.6GiB(27%)][#e161cc 0.9GiB/2.8GiB(35%)]
[DL:1.1MiB][#0076df 1.0GiB/3.6GiB(27%)][#e161cc 0.9GiB/2.8GiB(35%)]
[DL:1.2MiB][#0076df 1.0GiB/3.6GiB(27%)][#e161cc 0.9GiB/2.8GiB(35%)]
[DL:1.1MiB][#0076df 1.0GiB/3.6GiB(27%)][#e161cc 0.9GiB/2.8GiB(35%)]
[DL:1.1MiB][#0076df 1.0GiB/3.6GiB(27%)][#e161cc 0.9GiB/2.8GiB(35%)]
[DL:1.1MiB][#0076df 1.0GiB/3.6GiB(27%)][#e161cc 0.9GiB/2.8GiB(35%)]
[DL:1.1MiB][#0076df 1.0GiB/3.6GiB(27%)][#e161cc 0.9GiB/2.8GiB(35%)]
[DL:1.1MiB][#0076df 1.0GiB/3.6GiB(27%)][#e161cc 0.9GiB/2.8GiB(35%)]
[DL:1.1MiB][#0076df 1.0GiB/3.6GiB(27%)][#e161cc 0.9GiB/2.8GiB(35%)]
[DL:1.1MiB][#0076df 1.0GiB/3.6GiB(27%)][#e161cc 0.9GiB/2.8GiB(35%)]
[DL:1.1MiB][#0076df 1.0GiB/3.6GiB(27%)][#e161cc 0.9GiB/2.8GiB(35%)]
[DL:1.1MiB][#0076df 1.0GiB/3.6GiB(27%)][#e161cc 0.9GiB/2.8GiB(35%)]
[DL:1.2MiB][#0076df 1.0GiB/3.6GiB(27%)][#e161cc 0.9GiB/2.8GiB(35%)]
[DL:1.1MiB][#0076df 1.0GiB/3.6GiB(27%)][#e161cc 0.9GiB/2.8GiB(35%)]
[DL:1.1MiB][#0076df 1.0GiB/3.6GiB(27%)][#e161cc 0.9GiB/2.8GiB(35%)]
[DL:1.1MiB][#0076df 1.0GiB/3.6GiB(27%)][#e161cc 1.0GiB/2.8GiB(35%)]
[DL:1.1MiB][#0076df 1.0GiB/3.6GiB(27%)][#e161cc 1.0GiB/2.8GiB(35%)]
[DL:1.1MiB][#0076df 1.0GiB/3.6GiB(27%)][#e161cc 1.0GiB/2.8GiB(35%)]
[DL:1.1MiB][#0076df 1.0GiB/3.6GiB(27%)][#e161cc 1.0GiB/2.8GiB(35%)]
[DL:1.1MiB][#0076df 1.0GiB/3.6GiB(27%)][#e161cc 1.0GiB/2.8GiB(35%)]
[DL:1.1MiB][#0076df 1.0GiB/3.6GiB(27%)][#e161cc 1.0GiB/2.8GiB(35%)]
[DL:1.1MiB][#0076df 1.0GiB/3.6GiB(27%)][#e161cc 1.0GiB/2.8GiB(35%)]
[DL:1.2MiB][#0076df 1.0GiB/3.6GiB(27%)][#e161cc 1.0GiB/2.8GiB(35%)]
[DL:1.1MiB][#0076df 1.0GiB/3.6GiB(27%)][#e161cc 1.0GiB/2.8GiB(35%)]
[DL:1.1MiB][#0076df 1.0GiB/3.6GiB(27%)][#e161cc 1.0GiB/2.8GiB(35%)]
[DL:1.1MiB][#0076df 1.0GiB/3.6GiB(27%)][#e161cc 1.0GiB/2.8GiB(35%)]
[DL:1.1MiB][#0076df 1.0GiB/3.6GiB(27%)][#e161cc 1.0GiB/2.8GiB(35%)]
[DL:1.1MiB][#0076df 1.0GiB/3.6GiB(27%)][#e161cc 1.0GiB/2.8GiB(35%)]
[DL:1.1MiB][#0076df 1.0GiB/3.6GiB(27%)][#e161cc 1.0GiB/2.8GiB(35%)]
[DL:1.1MiB][#0076df 1.0GiB/3.6GiB(27%)][#e161cc 1.0GiB/2.8GiB(35%)]
[DL:1.1MiB][#0076df 1.0GiB/3.6GiB(27%)][#e161cc 1.0GiB/2.8GiB(35%)]
[DL:1.1MiB][#0076df 1.0GiB/3.6GiB(27%)][#e161cc 1.0GiB/2.8GiB(35%)]
[DL:1.2MiB][#0076df 1.0GiB/3.6GiB(27%)][#e161cc 1.0GiB/2.8GiB(35%)]
[DL:1.1MiB][#0076df 1.0GiB/3.6GiB(27%)][#e161cc 1.0GiB/2.8GiB(35%)]
[DL:1.1MiB][#0076df 1.0GiB/3.6GiB(27%)][#e161cc 1.0GiB/2.8GiB(35%)]
[DL:1.1MiB][#0076df 1.0GiB/3.6GiB(27%)][#e161cc 1.0GiB/2.8GiB(35%)]
[DL:1.1MiB][#0076df 1.0GiB/3.6GiB(27%)][#e161cc 1.0GiB/2.8GiB(35%)]
[DL:1.1MiB][#0076df 1.0GiB/3.6GiB(27%)][#e161cc 1.0GiB/2.8GiB(35%)]
[DL:1.1MiB][#0076df 1.0GiB/3.6GiB(27%)][#e161cc 1.0GiB/2.8GiB(35%)]
[DL:1.1MiB][#0076df 1.0GiB/3.6GiB(27%)][#e161cc 1.0GiB/2.8GiB(35%)]
[DL:1.1MiB][#0076df 1.0GiB/3.6GiB(27%)][#e161cc 1.0GiB/2.8GiB(35%)]
[DL:1.0MiB][#0076df 1.0GiB/3.6GiB(27%)][#e161cc 1.0GiB/2.8GiB(35%)]
[DL:1.2MiB][#0076df 1.0GiB/3.6GiB(27%)][#e161cc 1.0GiB/2.8GiB(35%)]
[DL:1.1MiB][#0076df 1.0GiB/3.6GiB(27%)][#e161cc 1.0GiB/2.8GiB(35%)]
[DL:1.1MiB][#0076df 1.0GiB/3.6GiB(27%)][#e161cc 1.0GiB/2.8GiB(35%)]
[DL:1.1MiB][#0076df 1.0GiB/3.6GiB(27%)][#e161cc 1.0GiB/2.8GiB(35%)]
[DL:1.1MiB][#0076df 1.0GiB/3.6GiB(27%)][#e161cc 1.0GiB/2.8GiB(35%)]
[DL:1.1MiB][#0076df 1.0GiB/3.6GiB(27%)][#e161cc 1.0GiB/2.8GiB(35%)]
[DL:1.1MiB][#0076df 1.0GiB/3.6GiB(27%)][#e161cc 1.0GiB/2.8GiB(35%)]
[DL:1.1MiB][#0076df 1.0GiB/3.6GiB(27%)][#e161cc 1.0GiB/2.8GiB(35%)]
[DL:1.2MiB][#0076df 1.0GiB/3.6GiB(27%)][#e161cc 1.0GiB/2.8GiB(35%)]
[DL:589KiB][#0076df 1.0GiB/3.6GiB(27%)][#e161cc 1.0GiB/2.8GiB(35%)]
[DL:1.1MiB][#0076df 1.0GiB/3.6GiB(28%)][#e161cc 1.0GiB/2.8GiB(36%)]
[DL:1.1MiB][#0076df 1.0GiB/3.6GiB(28%)][#e161cc 1.0GiB/2.8GiB(36%)]
[DL:1.1MiB][#0076df 1.0GiB/3.6GiB(28%)][#e161cc 1.0GiB/2.8GiB(36%)]
[DL:1.1MiB][#0076df 1.0GiB/3.6GiB(28%)][#e161cc 1.0GiB/2.8GiB(36%)]
[DL:2.2MiB][#0076df 1.0GiB/3.6GiB(28%)][#e161cc 1.0GiB/2.8GiB(36%)]
[DL:1.8MiB][#0076df 1.0GiB/3.6GiB(28%)][#e161cc 1.0GiB/2.8GiB(36%)]
[DL:1.6MiB][#0076df 1.0GiB/3.6GiB(28%)][#e161cc 1.0GiB/2.8GiB(36%)]
[DL:1.4MiB][#0076df 1.0GiB/3.6GiB(28%)][#e161cc 1.0GiB/2.8GiB(36%)]
[DL:1.2MiB][#0076df 1.0GiB/3.6GiB(28%)][#e161cc 1.0GiB/2.8GiB(36%)]
[DL:592KiB][#0076df 1.0GiB/3.6GiB(28%)][#e161cc 1.0GiB/2.8GiB(36%)]
[DL:1.1MiB][#0076df 1.0GiB/3.6GiB(28%)][#e161cc 1.0GiB/2.8GiB(36%)]
[DL:1.1MiB][#0076df 1.0GiB/3.6GiB(28%)][#e161cc 1.0GiB/2.8GiB(36%)]
[DL:1.1MiB][#0076df 1.0GiB/3.6GiB(28%)][#e161cc 1.0GiB/2.8GiB(36%)]
[DL:2.0MiB][#0076df 1.0GiB/3.6GiB(28%)][#e161cc 1.0GiB/2.8GiB(36%)]
[DL:1.6MiB][#0076df 1.0GiB/3.6GiB(28%)][#e161cc 1.0GiB/2.8GiB(36%)]
[DL:1.4MiB][#0076df 1.0GiB/3.6GiB(28%)][#e161cc 1.0GiB/2.8GiB(36%)]
[DL:1.2MiB][#0076df 1.0GiB/3.6GiB(28%)][#e161cc 1.0GiB/2.8GiB(36%)]
[DL:1.1MiB][#0076df 1.0GiB/3.6GiB(28%)][#e161cc 1.0GiB/2.8GiB(36%)]
[DL:1.2MiB][#0076df 1.0GiB/3.6GiB(28%)][#e161cc 1.0GiB/2.8GiB(36%)]
[DL:592KiB][#0076df 1.0GiB/3.6GiB(28%)][#e161cc 1.0GiB/2.8GiB(36%)]
[DL:1.1MiB][#0076df 1.0GiB/3.6GiB(28%)][#e161cc 1.0GiB/2.8GiB(36%)]
[DL:1.1MiB][#0076df 1.0GiB/3.6GiB(28%)][#e161cc 1.0GiB/2.8GiB(36%)]
[DL:2.0MiB][#0076df 1.0GiB/3.6GiB(28%)][#e161cc 1.0GiB/2.8GiB(36%)]
[DL:1.6MiB][#0076df 1.0GiB/3.6GiB(28%)][#e161cc 1.0GiB/2.8GiB(36%)]
[DL:1.4MiB][#0076df 1.0GiB/3.6GiB(28%)][#e161cc 1.0GiB/2.8GiB(36%)]
[DL:1.2MiB][#0076df 1.0GiB/3.6GiB(28%)][#e161cc 1.0GiB/2.8GiB(36%)]
[DL:1.1MiB][#0076df 1.0GiB/3.6GiB(28%)][#e161cc 1.0GiB/2.8GiB(36%)]
[DL:1.1MiB][#0076df 1.0GiB/3.6GiB(28%)][#e161cc 1.0GiB/2.8GiB(36%)]
[DL:1.2MiB][#0076df 1.0GiB/3.6GiB(28%)][#e161cc 1.0GiB/2.8GiB(36%)]
[DL:592KiB][#0076df 1.0GiB/3.6GiB(28%)][#e161cc 1.0GiB/2.8GiB(36%)]
[DL:1.1MiB][#0076df 1.0GiB/3.6GiB(28%)][#e161cc 1.0GiB/2.8GiB(36%)]
[DL:1.7MiB][#0076df 1.0GiB/3.6GiB(28%)][#e161cc 1.0GiB/2.8GiB(36%)]
[DL:1.4MiB][#0076df 1.0GiB/3.6GiB(28%)][#e161cc 1.0GiB/2.8GiB(36%)]
[DL:1.2MiB][#0076df 1.0GiB/3.6GiB(28%)][#e161cc 1.0GiB/2.8GiB(36%)]
[DL:1.1MiB][#0076df 1.0GiB/3.6GiB(28%)][#e161cc 1.0GiB/2.8GiB(36%)]
[DL:1.2MiB][#0076df 1.0GiB/3.6GiB(28%)][#e161cc 1.0GiB/2.8GiB(36%)]
[DL:1.1MiB][#0076df 1.0GiB/3.6GiB(28%)][#e161cc 1.0GiB/2.8GiB(36%)]
[DL:1.1MiB][#0076df 1.0GiB/3.6GiB(28%)][#e161cc 1.0GiB/2.8GiB(36%)]
[DL:1.2MiB][#0076df 1.0GiB/3.6GiB(28%)][#e161cc 1.0GiB/2.8GiB(36%)]
[DL:595KiB][#0076df 1.0GiB/3.6GiB(28%)][#e161cc 1.0GiB/2.8GiB(36%)]
[DL:1.6MiB][#0076df 1.0GiB/3.6GiB(28%)][#e161cc 1.0GiB/2.8GiB(36%)]
[DL:1.4MiB][#0076df 1.0GiB/3.6GiB(28%)][#e161cc 1.0GiB/2.8GiB(36%)]
[DL:1.2MiB][#0076df 1.0GiB/3.6GiB(28%)][#e161cc 1.0GiB/2.8GiB(36%)]
[DL:1.1MiB][#0076df 1.0GiB/3.6GiB(28%)][#e161cc 1.0GiB/2.8GiB(36%)]
[DL:1.1MiB][#0076df 1.0GiB/3.6GiB(28%)][#e161cc 1.0GiB/2.8GiB(36%)]
[DL:1.2MiB][#0076df 1.0GiB/3.6GiB(28%)][#e161cc 1.0GiB/2.8GiB(36%)]
[DL:1.1MiB][#0076df 1.0GiB/3.6GiB(28%)][#e161cc 1.0GiB/2.8GiB(36%)]
[DL:1.1MiB][#0076df 1.0GiB/3.6GiB(28%)][#e161cc 1.0GiB/2.8GiB(36%)]
[DL:1.2MiB][#0076df 1.0GiB/3.6GiB(28%)][#e161cc 1.0GiB/2.8GiB(36%)]
[DL:763KiB][#0076df 1.0GiB/3.6GiB(28%)][#e161cc 1.0GiB/2.8GiB(36%)]
[DL:1.1MiB][#0076df 1.0GiB/3.6GiB(28%)][#e161cc 1.0GiB/2.8GiB(37%)]
[DL:1.1MiB][#0076df 1.0GiB/3.6GiB(28%)][#e161cc 1.0GiB/2.8GiB(37%)]
[DL:1.2MiB][#0076df 1.0GiB/3.6GiB(28%)][#e161cc 1.0GiB/2.8GiB(37%)]
[DL:1.1MiB][#0076df 1.0GiB/3.6GiB(28%)][#e161cc 1.0GiB/2.8GiB(37%)]
[DL:1.1MiB][#0076df 1.0GiB/3.6GiB(28%)][#e161cc 1.0GiB/2.8GiB(37%)]
[DL:1.1MiB][#0076df 1.0GiB/3.6GiB(28%)][#e161cc 1.0GiB/2.8GiB(37%)]
[DL:1.1MiB][#0076df 1.0GiB/3.6GiB(28%)][#e161cc 1.0GiB/2.8GiB(37%)]
[DL:1.1MiB][#0076df 1.0GiB/3.6GiB(28%)][#e161cc 1.0GiB/2.8GiB(37%)]
[DL:1.2MiB][#0076df 1.0GiB/3.6GiB(28%)][#e161cc 1.0GiB/2.8GiB(37%)]
[DL:884KiB][#0076df 1.0GiB/3.6GiB(28%)][#e161cc 1.0GiB/2.8GiB(37%)]
[DL:1.1MiB][#0076df 1.0GiB/3.6GiB(28%)][#e161cc 1.0GiB/2.8GiB(37%)]
[DL:1.1MiB][#0076df 1.0GiB/3.6GiB(28%)][#e161cc 1.0GiB/2.8GiB(37%)]
[DL:1.2MiB][#0076df 1.0GiB/3.6GiB(28%)][#e161cc 1.0GiB/2.8GiB(37%)]
[DL:1.1MiB][#0076df 1.0GiB/3.6GiB(28%)][#e161cc 1.0GiB/2.8GiB(37%)]
[DL:1.2MiB][#0076df 1.0GiB/3.6GiB(29%)][#e161cc 1.0GiB/2.8GiB(37%)]
[DL:1.1MiB][#0076df 1.0GiB/3.6GiB(29%)][#e161cc 1.0GiB/2.8GiB(37%)]
[DL:1.1MiB][#0076df 1.0GiB/3.6GiB(29%)][#e161cc 1.0GiB/2.8GiB(37%)]
[DL:1.1MiB][#0076df 1.0GiB/3.6GiB(29%)][#e161cc 1.0GiB/2.8GiB(37%)]
[DL:1.2MiB][#0076df 1.0GiB/3.6GiB(29%)][#e161cc 1.0GiB/2.8GiB(37%)]
[DL:879KiB][#0076df 1.0GiB/3.6GiB(29%)][#e161cc 1.0GiB/2.8GiB(37%)]
[DL:1.1MiB][#0076df 1.0GiB/3.6GiB(29%)][#e161cc 1.0GiB/2.8GiB(37%)]
[DL:1.1MiB][#0076df 1.0GiB/3.6GiB(29%)][#e161cc 1.0GiB/2.8GiB(37%)]
[DL:1.2MiB][#0076df 1.0GiB/3.6GiB(29%)][#e161cc 1.0GiB/2.8GiB(37%)]
[DL:1.2MiB][#0076df 1.0GiB/3.6GiB(29%)][#e161cc 1.0GiB/2.8GiB(37%)]
[DL:1.1MiB][#0076df 1.0GiB/3.6GiB(29%)][#e161cc 1.0GiB/2.8GiB(37%)]
[DL:1.1MiB][#0076df 1.0GiB/3.6GiB(29%)][#e161cc 1.0GiB/2.8GiB(37%)]
[DL:1.1MiB][#0076df 1.0GiB/3.6GiB(29%)][#e161cc 1.0GiB/2.8GiB(37%)]
[DL:1.1MiB][#0076df 1.0GiB/3.6GiB(29%)][#e161cc 1.0GiB/2.8GiB(37%)]
[DL:1.2MiB][#0076df 1.0GiB/3.6GiB(29%)][#e161cc 1.0GiB/2.8GiB(37%)]
[DL:881KiB][#0076df 1.0GiB/3.6GiB(29%)][#e161cc 1.0GiB/2.8GiB(37%)]
[DL:1.1MiB][#0076df 1.0GiB/3.6GiB(29%)][#e161cc 1.0GiB/2.8GiB(37%)]
[DL:1.1MiB][#0076df 1.0GiB/3.6GiB(29%)][#e161cc 1.0GiB/2.8GiB(37%)]
[DL:1.4MiB][#0076df 1.0GiB/3.6GiB(29%)][#e161cc 1.0GiB/2.8GiB(37%)]
[DL:1.2MiB][#0076df 1.0GiB/3.6GiB(29%)][#e161cc 1.0GiB/2.8GiB(37%)]
[DL:1.1MiB][#0076df 1.0GiB/3.6GiB(29%)][#e161cc 1.0GiB/2.8GiB(37%)]
[DL:1.1MiB][#0076df 1.0GiB/3.6GiB(29%)][#e161cc 1.0GiB/2.8GiB(37%)]
[DL:1.1MiB][#0076df 1.0GiB/3.6GiB(29%)][#e161cc 1.0GiB/2.8GiB(37%)]
[DL:1.1MiB][#0076df 1.0GiB/3.6GiB(29%)][#e161cc 1.0GiB/2.8GiB(37%)]
[DL:1.2MiB][#0076df 1.0GiB/3.6GiB(29%)][#e161cc 1.0GiB/2.8GiB(37%)]
[DL:884KiB][#0076df 1.0GiB/3.6GiB(29%)][#e161cc 1.0GiB/2.8GiB(37%)]
[DL:1.1MiB][#0076df 1.0GiB/3.6GiB(29%)][#e161cc 1.0GiB/2.8GiB(37%)]
[DL:1.2MiB][#0076df 1.0GiB/3.6GiB(29%)][#e161cc 1.0GiB/2.8GiB(37%)]
[DL:1.1MiB][#0076df 1.0GiB/3.6GiB(29%)][#e161cc 1.0GiB/2.8GiB(37%)]
[DL:1.2MiB][#0076df 1.0GiB/3.6GiB(29%)][#e161cc 1.0GiB/2.8GiB(37%)]
[DL:1.0MiB][#0076df 1.0GiB/3.6GiB(29%)][#e161cc 1.0GiB/2.8GiB(37%)]
[DL:1.1MiB][#0076df 1.0GiB/3.6GiB(29%)][#e161cc 1.0GiB/2.8GiB(37%)]
[DL:1.1MiB][#0076df 1.0GiB/3.6GiB(29%)][#e161cc 1.0GiB/2.8GiB(37%)]
[DL:1.1MiB][#0076df 1.0GiB/3.6GiB(29%)][#e161cc 1.0GiB/2.8GiB(37%)]
[DL:1.2MiB][#0076df 1.0GiB/3.6GiB(29%)][#e161cc 1.0GiB/2.8GiB(37%)]
[DL:893KiB][#0076df 1.0GiB/3.6GiB(29%)][#e161cc 1.0GiB/2.8GiB(37%)]
[DL:1.2MiB][#0076df 1.0GiB/3.6GiB(29%)][#e161cc 1.0GiB/2.8GiB(38%)]
[DL:1.1MiB][#0076df 1.0GiB/3.6GiB(29%)][#e161cc 1.0GiB/2.8GiB(38%)]
[DL:1.1MiB][#0076df 1.0GiB/3.6GiB(29%)][#e161cc 1.0GiB/2.8GiB(38%)]
[DL:1.3MiB][#0076df 1.0GiB/3.6GiB(29%)][#e161cc 1.0GiB/2.8GiB(38%)]
[DL:1.1MiB][#0076df 1.0GiB/3.6GiB(29%)][#e161cc 1.0GiB/2.8GiB(38%)]
[DL:1.1MiB][#0076df 1.0GiB/3.6GiB(29%)][#e161cc 1.0GiB/2.8GiB(38%)]
[DL:1.1MiB][#0076df 1.0GiB/3.6GiB(29%)][#e161cc 1.0GiB/2.8GiB(38%)]
[DL:1.1MiB][#0076df 1.0GiB/3.6GiB(29%)][#e161cc 1.0GiB/2.8GiB(38%)]
[DL:1.2MiB][#0076df 1.0GiB/3.6GiB(29%)][#e161cc 1.0GiB/2.8GiB(38%)]
[DL:0.9MiB][#0076df 1.0GiB/3.6GiB(29%)][#e161cc 1.0GiB/2.8GiB(38%)]
[DL:1.1MiB][#0076df 1.0GiB/3.6GiB(29%)][#e161cc 1.0GiB/2.8GiB(38%)]
[DL:1.1MiB][#0076df 1.0GiB/3.6GiB(29%)][#e161cc 1.0GiB/2.8GiB(38%)]
[DL:1.2MiB][#0076df 1.0GiB/3.6GiB(29%)][#e161cc 1.0GiB/2.8GiB(38%)]
[DL:1.1MiB][#0076df 1.0GiB/3.6GiB(29%)][#e161cc 1.0GiB/2.8GiB(38%)]
[DL:1.1MiB][#0076df 1.0GiB/3.6GiB(29%)][#e161cc 1.0GiB/2.8GiB(38%)]
[DL:1.1MiB][#0076df 1.1GiB/3.6GiB(29%)][#e161cc 1.0GiB/2.8GiB(38%)]
[DL:1.1MiB][#0076df 1.1GiB/3.6GiB(29%)][#e161cc 1.0GiB/2.8GiB(38%)]
[DL:1.1MiB][#0076df 1.1GiB/3.6GiB(29%)][#e161cc 1.0GiB/2.8GiB(38%)]
[DL:1.2MiB][#0076df 1.1GiB/3.6GiB(29%)][#e161cc 1.0GiB/2.8GiB(38%)]
[DL:1.0MiB][#0076df 1.1GiB/3.6GiB(29%)][#e161cc 1.0GiB/2.8GiB(38%)]
[DL:1.1MiB][#0076df 1.1GiB/3.6GiB(29%)][#e161cc 1.0GiB/2.8GiB(38%)]
[DL:1.2MiB][#0076df 1.1GiB/3.6GiB(29%)][#e161cc 1.0GiB/2.8GiB(38%)]
[DL:1.1MiB][#0076df 1.1GiB/3.6GiB(29%)][#e161cc 1.0GiB/2.8GiB(38%)]
[DL:1.1MiB][#0076df 1.1GiB/3.6GiB(29%)][#e161cc 1.0GiB/2.8GiB(38%)]
[DL:1.1MiB][#0076df 1.1GiB/3.6GiB(29%)][#e161cc 1.0GiB/2.8GiB(38%)]
[DL:1.1MiB][#0076df 1.1GiB/3.6GiB(29%)][#e161cc 1.0GiB/2.8GiB(38%)]
[DL:1.1MiB][#0076df 1.1GiB/3.6GiB(29%)][#e161cc 1.0GiB/2.8GiB(38%)]
[DL:1.1MiB][#0076df 1.1GiB/3.6GiB(29%)][#e161cc 1.0GiB/2.8GiB(38%)]
[DL:1.2MiB][#0076df 1.1GiB/3.6GiB(29%)][#e161cc 1.0GiB/2.8GiB(38%)]
[DL:0.9MiB][#0076df 1.1GiB/3.6GiB(30%)][#e161cc 1.0GiB/2.8GiB(38%)]
[DL:1.1MiB][#0076df 1.1GiB/3.6GiB(30%)][#e161cc 1.0GiB/2.8GiB(38%)]
[DL:1.2MiB][#0076df 1.1GiB/3.6GiB(30%)][#e161cc 1.0GiB/2.8GiB(38%)]
[DL:1.1MiB][#0076df 1.1GiB/3.6GiB(30%)][#e161cc 1.0GiB/2.8GiB(38%)]
[DL:1.1MiB][#0076df 1.1GiB/3.6GiB(30%)][#e161cc 1.0GiB/2.8GiB(38%)]
[DL:1.1MiB][#0076df 1.1GiB/3.6GiB(30%)][#e161cc 1.0GiB/2.8GiB(38%)]
[DL:1.1MiB][#0076df 1.1GiB/3.6GiB(30%)][#e161cc 1.0GiB/2.8GiB(38%)]
[DL:1.1MiB][#0076df 1.1GiB/3.6GiB(30%)][#e161cc 1.0GiB/2.8GiB(38%)]
[DL:1.1MiB][#0076df 1.1GiB/3.6GiB(30%)][#e161cc 1.0GiB/2.8GiB(38%)]
[DL:1.2MiB][#0076df 1.1GiB/3.6GiB(30%)][#e161cc 1.0GiB/2.8GiB(38%)]
[DL:0.9MiB][#0076df 1.1GiB/3.6GiB(30%)][#e161cc 1.0GiB/2.8GiB(38%)]
[DL:1.2MiB][#0076df 1.1GiB/3.6GiB(30%)][#e161cc 1.1GiB/2.8GiB(38%)]
[DL:1.1MiB][#0076df 1.1GiB/3.6GiB(30%)][#e161cc 1.1GiB/2.8GiB(38%)]
[DL:1.1MiB][#0076df 1.1GiB/3.6GiB(30%)][#e161cc 1.1GiB/2.8GiB(38%)]
[DL:1.1MiB][#0076df 1.1GiB/3.6GiB(30%)][#e161cc 1.1GiB/2.8GiB(38%)]
[DL:1.1MiB][#0076df 1.1GiB/3.6GiB(30%)][#e161cc 1.1GiB/2.8GiB(38%)]
[DL:1.1MiB][#0076df 1.1GiB/3.6GiB(30%)][#e161cc 1.1GiB/2.8GiB(38%)]
[DL:1.1MiB][#0076df 1.1GiB/3.6GiB(30%)][#e161cc 1.1GiB/2.8GiB(38%)]
[DL:1.1MiB][#0076df 1.1GiB/3.6GiB(30%)][#e161cc 1.1GiB/2.8GiB(38%)]
[DL:1.2MiB][#0076df 1.1GiB/3.6GiB(30%)][#e161cc 1.1GiB/2.8GiB(38%)]
[DL:1.1MiB][#0076df 1.1GiB/3.6GiB(30%)][#e161cc 1.1GiB/2.8GiB(38%)]
[DL:1.1MiB][#0076df 1.1GiB/3.6GiB(30%)][#e161cc 1.1GiB/2.8GiB(39%)]
[DL:1.1MiB][#0076df 1.1GiB/3.6GiB(30%)][#e161cc 1.1GiB/2.8GiB(39%)]
[DL:1.1MiB][#0076df 1.1GiB/3.6GiB(30%)][#e161cc 1.1GiB/2.8GiB(39%)]
[DL:1.1MiB][#0076df 1.1GiB/3.6GiB(30%)][#e161cc 1.1GiB/2.8GiB(39%)]
[DL:1.1MiB][#0076df 1.1GiB/3.6GiB(30%)][#e161cc 1.1GiB/2.8GiB(39%)]
[DL:1.1MiB][#0076df 1.1GiB/3.6GiB(30%)][#e161cc 1.1GiB/2.8GiB(39%)]
[DL:1.1MiB][#0076df 1.1GiB/3.6GiB(30%)][#e161cc 1.1GiB/2.8GiB(39%)]
[DL:1.1MiB][#0076df 1.1GiB/3.6GiB(30%)][#e161cc 1.1GiB/2.8GiB(39%)]
[DL:1.2MiB][#0076df 1.1GiB/3.6GiB(30%)][#e161cc 1.1GiB/2.8GiB(39%)]
[DL:1.1MiB][#0076df 1.1GiB/3.6GiB(30%)][#e161cc 1.1GiB/2.8GiB(39%)]
[DL:1.1MiB][#0076df 1.1GiB/3.6GiB(30%)][#e161cc 1.1GiB/2.8GiB(39%)]
[DL:1.1MiB][#0076df 1.1GiB/3.6GiB(30%)][#e161cc 1.1GiB/2.8GiB(39%)]
[DL:1.1MiB][#0076df 1.1GiB/3.6GiB(30%)][#e161cc 1.1GiB/2.8GiB(39%)]
[DL:1.1MiB][#0076df 1.1GiB/3.6GiB(30%)][#e161cc 1.1GiB/2.8GiB(39%)]
[DL:1.1MiB][#0076df 1.1GiB/3.6GiB(30%)][#e161cc 1.1GiB/2.8GiB(39%)]
[DL:1.1MiB][#0076df 1.1GiB/3.6GiB(30%)][#e161cc 1.1GiB/2.8GiB(39%)]
[DL:1.1MiB][#0076df 1.1GiB/3.6GiB(30%)][#e161cc 1.1GiB/2.8GiB(39%)]
[DL:1.1MiB][#0076df 1.1GiB/3.6GiB(30%)][#e161cc 1.1GiB/2.8GiB(39%)]
[DL:1.2MiB][#0076df 1.1GiB/3.6GiB(30%)][#e161cc 1.1GiB/2.8GiB(39%)]
[DL:1.1MiB][#0076df 1.1GiB/3.6GiB(30%)][#e161cc 1.1GiB/2.8GiB(39%)]
[DL:1.1MiB][#0076df 1.1GiB/3.6GiB(30%)][#e161cc 1.1GiB/2.8GiB(39%)]
[DL:1.1MiB][#0076df 1.1GiB/3.6GiB(30%)][#e161cc 1.1GiB/2.8GiB(39%)]
[DL:1.1MiB][#0076df 1.1GiB/3.6GiB(30%)][#e161cc 1.1GiB/2.8GiB(39%)]
[DL:1.1MiB][#0076df 1.1GiB/3.6GiB(30%)][#e161cc 1.1GiB/2.8GiB(39%)]
[DL:1.1MiB][#0076df 1.1GiB/3.6GiB(30%)][#e161cc 1.1GiB/2.8GiB(39%)]
[DL:1.1MiB][#0076df 1.1GiB/3.6GiB(30%)][#e161cc 1.1GiB/2.8GiB(39%)]
[DL:1.1MiB][#0076df 1.1GiB/3.6GiB(30%)][#e161cc 1.1GiB/2.8GiB(39%)]
[DL:1.2MiB][#0076df 1.1GiB/3.6GiB(30%)][#e161cc 1.1GiB/2.8GiB(39%)]
[DL:1.1MiB][#0076df 1.1GiB/3.6GiB(30%)][#e161cc 1.1GiB/2.8GiB(39%)]
[DL:1.1MiB][#0076df 1.1GiB/3.6GiB(30%)][#e161cc 1.1GiB/2.8GiB(39%)]
[DL:1.1MiB][#0076df 1.1GiB/3.6GiB(30%)][#e161cc 1.1GiB/2.8GiB(39%)]
[DL:1.1MiB][#0076df 1.1GiB/3.6GiB(30%)][#e161cc 1.1GiB/2.8GiB(39%)]
[DL:1.1MiB][#0076df 1.1GiB/3.6GiB(30%)][#e161cc 1.1GiB/2.8GiB(39%)]
[DL:1.1MiB][#0076df 1.1GiB/3.6GiB(30%)][#e161cc 1.1GiB/2.8GiB(39%)]
[DL:1.1MiB][#0076df 1.1GiB/3.6GiB(30%)][#e161cc 1.1GiB/2.8GiB(39%)]
[DL:1.1MiB][#0076df 1.1GiB/3.6GiB(30%)][#e161cc 1.1GiB/2.8GiB(39%)]
[DL:1.1MiB][#0076df 1.1GiB/3.6GiB(30%)][#e161cc 1.1GiB/2.8GiB(39%)]
[DL:1.2MiB][#0076df 1.1GiB/3.6GiB(30%)][#e161cc 1.1GiB/2.8GiB(39%)]
[DL:1.1MiB][#0076df 1.1GiB/3.6GiB(30%)][#e161cc 1.1GiB/2.8GiB(39%)]
[DL:1.1MiB][#0076df 1.1GiB/3.6GiB(30%)][#e161cc 1.1GiB/2.8GiB(39%)]
[DL:1.1MiB][#0076df 1.1GiB/3.6GiB(30%)][#e161cc 1.1GiB/2.8GiB(39%)]
[DL:1.1MiB][#0076df 1.1GiB/3.6GiB(30%)][#e161cc 1.1GiB/2.8GiB(39%)]
[DL:1.1MiB][#0076df 1.1GiB/3.6GiB(30%)][#e161cc 1.1GiB/2.8GiB(39%)]
[DL:1.1MiB][#0076df 1.1GiB/3.6GiB(31%)][#e161cc 1.1GiB/2.8GiB(39%)]
[DL:1.1MiB][#0076df 1.1GiB/3.6GiB(31%)][#e161cc 1.1GiB/2.8GiB(39%)]
[DL:1.1MiB][#0076df 1.1GiB/3.6GiB(31%)][#e161cc 1.1GiB/2.8GiB(39%)]
[DL:1.1MiB][#0076df 1.1GiB/3.6GiB(31%)][#e161cc 1.1GiB/2.8GiB(39%)]
[DL:1.2MiB][#0076df 1.1GiB/3.6GiB(31%)][#e161cc 1.1GiB/2.8GiB(39%)]
[DL:1.1MiB][#0076df 1.1GiB/3.6GiB(31%)][#e161cc 1.1GiB/2.8GiB(39%)]
[DL:1.1MiB][#0076df 1.1GiB/3.6GiB(31%)][#e161cc 1.1GiB/2.8GiB(40%)]
[DL:1.1MiB][#0076df 1.1GiB/3.6GiB(31%)][#e161cc 1.1GiB/2.8GiB(40%)]
[DL:1.1MiB][#0076df 1.1GiB/3.6GiB(31%)][#e161cc 1.1GiB/2.8GiB(40%)]
[DL:1.1MiB][#0076df 1.1GiB/3.6GiB(31%)][#e161cc 1.1GiB/2.8GiB(40%)]
[DL:1.1MiB][#0076df 1.1GiB/3.6GiB(31%)][#e161cc 1.1GiB/2.8GiB(40%)]
[DL:1.1MiB][#0076df 1.1GiB/3.6GiB(31%)][#e161cc 1.1GiB/2.8GiB(40%)]
[DL:1.1MiB][#0076df 1.1GiB/3.6GiB(31%)][#e161cc 1.1GiB/2.8GiB(40%)]
[DL:1.1MiB][#0076df 1.1GiB/3.6GiB(31%)][#e161cc 1.1GiB/2.8GiB(40%)]
[DL:1.2MiB][#0076df 1.1GiB/3.6GiB(31%)][#e161cc 1.1GiB/2.8GiB(40%)]
 *** Download Progress Summary as of Sat Aug 15 23:08:01 2026 *** 
===============================================================================
[#0076df 1.1GiB/3.6GiB(31%) CN:1 DL:584KiB ETA:1h15m55s]
FILE: /srv/modelstripe/qwen/Qwen3.8-27B/6026d6bb4baa574f54205e2894816127bcf444bb4f727aa76a4fd3c90e810140
-------------------------------------------------------------------------------
[#e161cc 1.1GiB/2.8GiB(40%) CN:1 DL:579KiB ETA:51m7s]
FILE: /srv/modelstripe/qwen/Qwen3.8-27B/9c56e976ca79eb9ff5c91e64f51cdefb5f6b2651c96d8569df49033f79642d78
-------------------------------------------------------------------------------

[DL:1.1MiB][#0076df 1.1GiB/3.6GiB(31%)][#e161cc 1.1GiB/2.8GiB(40%)]
[DL:0B][#0076df 1.1GiB/3.6GiB(31%)][#e161cc 1.1GiB/2.8GiB(40%)]
[DL:16KiB][#0076df 1.1GiB/3.6GiB(31%)][#e161cc 1.1GiB/2.8GiB(40%)]
[DL:654KiB][#0076df 1.1GiB/3.6GiB(31%)][#e161cc 1.1GiB/2.8GiB(40%)]
[DL:872KiB][#0076df 1.1GiB/3.6GiB(31%)][#e161cc 1.1GiB/2.8GiB(40%)]
[DL:0.9MiB][#0076df 1.1GiB/3.6GiB(31%)][#e161cc 1.1GiB/2.8GiB(40%)]
[DL:1.0MiB][#0076df 1.1GiB/3.6GiB(31%)][#e161cc 1.1GiB/2.8GiB(40%)]
[DL:1.0MiB][#0076df 1.1GiB/3.6GiB(31%)][#e161cc 1.1GiB/2.8GiB(40%)]
[DL:1.0MiB][#0076df 1.1GiB/3.6GiB(31%)][#e161cc 1.1GiB/2.8GiB(40%)]
[DL:1.1MiB][#0076df 1.1GiB/3.6GiB(31%)][#e161cc 1.1GiB/2.8GiB(40%)]
[DL:1.1MiB][#0076df 1.1GiB/3.6GiB(31%)][#e161cc 1.1GiB/2.8GiB(40%)]
[DL:1.2MiB][#0076df 1.1GiB/3.6GiB(31%)][#e161cc 1.1GiB/2.8GiB(40%)]
[DL:1.1MiB][#0076df 1.1GiB/3.6GiB(31%)][#e161cc 1.1GiB/2.8GiB(40%)]
[DL:1.1MiB][#0076df 1.1GiB/3.6GiB(31%)][#e161cc 1.1GiB/2.8GiB(40%)]
[DL:1.1MiB][#0076df 1.1GiB/3.6GiB(31%)][#e161cc 1.1GiB/2.8GiB(40%)]
[DL:1.1MiB][#0076df 1.1GiB/3.6GiB(31%)][#e161cc 1.1GiB/2.8GiB(40%)]
[DL:1.1MiB][#0076df 1.1GiB/3.6GiB(31%)][#e161cc 1.1GiB/2.8GiB(40%)]
[DL:1.1MiB][#0076df 1.1GiB/3.6GiB(31%)][#e161cc 1.1GiB/2.8GiB(40%)]
[DL:1.1MiB][#0076df 1.1GiB/3.6GiB(31%)][#e161cc 1.1GiB/2.8GiB(40%)]
[DL:1.1MiB][#0076df 1.1GiB/3.6GiB(31%)][#e161cc 1.1GiB/2.8GiB(40%)]
[DL:1.1MiB][#0076df 1.1GiB/3.6GiB(31%)][#e161cc 1.1GiB/2.8GiB(40%)]
[DL:1.2MiB][#0076df 1.1GiB/3.6GiB(31%)][#e161cc 1.1GiB/2.8GiB(40%)]
[DL:1.1MiB][#0076df 1.1GiB/3.6GiB(31%)][#e161cc 1.1GiB/2.8GiB(40%)]
[DL:1.1MiB][#0076df 1.1GiB/3.6GiB(31%)][#e161cc 1.1GiB/2.8GiB(40%)]
[DL:1.1MiB][#0076df 1.1GiB/3.6GiB(31%)][#e161cc 1.1GiB/2.8GiB(40%)]
[DL:1.1MiB][#0076df 1.1GiB/3.6GiB(31%)][#e161cc 1.1GiB/2.8GiB(40%)]
[DL:1.1MiB][#0076df 1.1GiB/3.6GiB(31%)][#e161cc 1.1GiB/2.8GiB(40%)]
[DL:1.1MiB][#0076df 1.1GiB/3.6GiB(31%)][#e161cc 1.1GiB/2.8GiB(40%)]
[DL:1.1MiB][#0076df 1.1GiB/3.6GiB(31%)][#e161cc 1.1GiB/2.8GiB(40%)]
[DL:1.1MiB][#0076df 1.1GiB/3.6GiB(31%)][#e161cc 1.1GiB/2.8GiB(40%)]
[DL:1.1MiB][#0076df 1.1GiB/3.6GiB(31%)][#e161cc 1.1GiB/2.8GiB(40%)]
[DL:1.2MiB][#0076df 1.1GiB/3.6GiB(31%)][#e161cc 1.1GiB/2.8GiB(40%)]
[DL:1.1MiB][#0076df 1.1GiB/3.6GiB(31%)][#e161cc 1.1GiB/2.8GiB(40%)]
[DL:1.1MiB][#0076df 1.1GiB/3.6GiB(31%)][#e161cc 1.1GiB/2.8GiB(40%)]
[DL:1.1MiB][#0076df 1.1GiB/3.6GiB(31%)][#e161cc 1.1GiB/2.8GiB(40%)]
[DL:1.1MiB][#0076df 1.1GiB/3.6GiB(31%)][#e161cc 1.1GiB/2.8GiB(40%)]
[DL:1.1MiB][#0076df 1.1GiB/3.6GiB(31%)][#e161cc 1.1GiB/2.8GiB(40%)]
[DL:1.1MiB][#0076df 1.1GiB/3.6GiB(31%)][#e161cc 1.1GiB/2.8GiB(40%)]
[DL:1.1MiB][#0076df 1.1GiB/3.6GiB(31%)][#e161cc 1.1GiB/2.8GiB(40%)]
[DL:1.1MiB][#0076df 1.1GiB/3.6GiB(31%)][#e161cc 1.1GiB/2.8GiB(40%)]
[DL:1.1MiB][#0076df 1.1GiB/3.6GiB(31%)][#e161cc 1.1GiB/2.8GiB(40%)]
[DL:1.2MiB][#0076df 1.1GiB/3.6GiB(31%)][#e161cc 1.1GiB/2.8GiB(40%)]
[DL:1.1MiB][#0076df 1.1GiB/3.6GiB(31%)][#e161cc 1.1GiB/2.8GiB(40%)]
[DL:1.1MiB][#0076df 1.1GiB/3.6GiB(31%)][#e161cc 1.1GiB/2.8GiB(41%)]
[DL:1.1MiB][#0076df 1.1GiB/3.6GiB(31%)][#e161cc 1.1GiB/2.8GiB(41%)]
[DL:1.1MiB][#0076df 1.1GiB/3.6GiB(31%)][#e161cc 1.1GiB/2.8GiB(41%)]
[DL:1.1MiB][#0076df 1.1GiB/3.6GiB(31%)][#e161cc 1.1GiB/2.8GiB(41%)]
[DL:1.1MiB][#0076df 1.1GiB/3.6GiB(31%)][#e161cc 1.1GiB/2.8GiB(41%)]
[DL:1.1MiB][#0076df 1.1GiB/3.6GiB(31%)][#e161cc 1.1GiB/2.8GiB(41%)]
[DL:1.1MiB][#0076df 1.1GiB/3.6GiB(31%)][#e161cc 1.1GiB/2.8GiB(41%)]
[DL:1.1MiB][#0076df 1.1GiB/3.6GiB(31%)][#e161cc 1.1GiB/2.8GiB(41%)]
[DL:1.2MiB][#0076df 1.1GiB/3.6GiB(32%)][#e161cc 1.1GiB/2.8GiB(41%)]
[DL:1.1MiB][#0076df 1.1GiB/3.6GiB(32%)][#e161cc 1.1GiB/2.8GiB(41%)]
[DL:1.1MiB][#0076df 1.1GiB/3.6GiB(32%)][#e161cc 1.1GiB/2.8GiB(41%)]
[DL:1.1MiB][#0076df 1.1GiB/3.6GiB(32%)][#e161cc 1.1GiB/2.8GiB(41%)]
[DL:1.1MiB][#0076df 1.1GiB/3.6GiB(32%)][#e161cc 1.1GiB/2.8GiB(41%)]
[DL:1.1MiB][#0076df 1.1GiB/3.6GiB(32%)][#e161cc 1.1GiB/2.8GiB(41%)]
[DL:1.1MiB][#0076df 1.1GiB/3.6GiB(32%)][#e161cc 1.1GiB/2.8GiB(41%)]
[DL:1.1MiB][#0076df 1.1GiB/3.6GiB(32%)][#e161cc 1.1GiB/2.8GiB(41%)]
[DL:1.1MiB][#0076df 1.1GiB/3.6GiB(32%)][#e161cc 1.1GiB/2.8GiB(41%)]
[DL:1.1MiB][#0076df 1.1GiB/3.6GiB(32%)][#e161cc 1.1GiB/2.8GiB(41%)]
[DL:1.2MiB][#0076df 1.1GiB/3.6GiB(32%)][#e161cc 1.1GiB/2.8GiB(41%)]
[DL:1.1MiB][#0076df 1.1GiB/3.6GiB(32%)][#e161cc 1.1GiB/2.8GiB(41%)]
[DL:1.1MiB][#0076df 1.1GiB/3.6GiB(32%)][#e161cc 1.1GiB/2.8GiB(41%)]
[DL:1.1MiB][#0076df 1.1GiB/3.6GiB(32%)][#e161cc 1.1GiB/2.8GiB(41%)]
[DL:1.1MiB][#0076df 1.1GiB/3.6GiB(32%)][#e161cc 1.1GiB/2.8GiB(41%)]
[DL:1.1MiB][#0076df 1.1GiB/3.6GiB(32%)][#e161cc 1.1GiB/2.8GiB(41%)]
[DL:1.1MiB][#0076df 1.1GiB/3.6GiB(32%)][#e161cc 1.1GiB/2.8GiB(41%)]
[DL:1.1MiB][#0076df 1.1GiB/3.6GiB(32%)][#e161cc 1.1GiB/2.8GiB(41%)]
[DL:1.1MiB][#0076df 1.1GiB/3.6GiB(32%)][#e161cc 1.1GiB/2.8GiB(41%)]
[DL:1.1MiB][#0076df 1.1GiB/3.6GiB(32%)][#e161cc 1.1GiB/2.8GiB(41%)]
[DL:1.2MiB][#0076df 1.1GiB/3.6GiB(32%)][#e161cc 1.1GiB/2.8GiB(41%)]
[DL:1.1MiB][#0076df 1.1GiB/3.6GiB(32%)][#e161cc 1.1GiB/2.8GiB(41%)]
[DL:1.1MiB][#0076df 1.1GiB/3.6GiB(32%)][#e161cc 1.1GiB/2.8GiB(41%)]
[DL:1.1MiB][#0076df 1.1GiB/3.6GiB(32%)][#e161cc 1.1GiB/2.8GiB(41%)]
[DL:1.1MiB][#0076df 1.1GiB/3.6GiB(32%)][#e161cc 1.1GiB/2.8GiB(41%)]
[DL:1.1MiB][#0076df 1.1GiB/3.6GiB(32%)][#e161cc 1.1GiB/2.8GiB(41%)]
[DL:1.1MiB][#0076df 1.1GiB/3.6GiB(32%)][#e161cc 1.1GiB/2.8GiB(41%)]
[DL:1.1MiB][#0076df 1.1GiB/3.6GiB(32%)][#e161cc 1.1GiB/2.8GiB(41%)]
[DL:1.1MiB][#0076df 1.1GiB/3.6GiB(32%)][#e161cc 1.1GiB/2.8GiB(41%)]
[DL:1.1MiB][#0076df 1.1GiB/3.6GiB(32%)][#e161cc 1.1GiB/2.8GiB(41%)]
[DL:1.2MiB][#0076df 1.1GiB/3.6GiB(32%)][#e161cc 1.1GiB/2.8GiB(41%)]
[DL:1.1MiB][#0076df 1.1GiB/3.6GiB(32%)][#e161cc 1.1GiB/2.8GiB(41%)]
[DL:1.1MiB][#0076df 1.2GiB/3.6GiB(32%)][#e161cc 1.1GiB/2.8GiB(41%)]
[DL:1.1MiB][#0076df 1.2GiB/3.6GiB(32%)][#e161cc 1.1GiB/2.8GiB(41%)]
[DL:1.1MiB][#0076df 1.2GiB/3.6GiB(32%)][#e161cc 1.1GiB/2.8GiB(41%)]
[DL:1.1MiB][#0076df 1.2GiB/3.6GiB(32%)][#e161cc 1.1GiB/2.8GiB(41%)]
[DL:1.1MiB][#0076df 1.2GiB/3.6GiB(32%)][#e161cc 1.1GiB/2.8GiB(41%)]
[DL:1.1MiB][#0076df 1.2GiB/3.6GiB(32%)][#e161cc 1.1GiB/2.8GiB(41%)]
[DL:1.1MiB][#0076df 1.2GiB/3.6GiB(32%)][#e161cc 1.1GiB/2.8GiB(41%)]
[DL:1.2MiB][#0076df 1.2GiB/3.6GiB(32%)][#e161cc 1.1GiB/2.8GiB(41%)]
[DL:1.1MiB][#0076df 1.2GiB/3.6GiB(32%)][#e161cc 1.1GiB/2.8GiB(41%)]
[DL:1.1MiB][#0076df 1.2GiB/3.6GiB(32%)][#e161cc 1.1GiB/2.8GiB(41%)]
[DL:1.1MiB][#0076df 1.2GiB/3.6GiB(32%)][#e161cc 1.1GiB/2.8GiB(42%)]
[DL:1.1MiB][#0076df 1.2GiB/3.6GiB(32%)][#e161cc 1.1GiB/2.8GiB(42%)]
[DL:1.1MiB][#0076df 1.2GiB/3.6GiB(32%)][#e161cc 1.1GiB/2.8GiB(42%)]
[DL:1.1MiB][#0076df 1.2GiB/3.6GiB(32%)][#e161cc 1.1GiB/2.8GiB(42%)]
[DL:1.1MiB][#0076df 1.2GiB/3.6GiB(32%)][#e161cc 1.1GiB/2.8GiB(42%)]
[DL:1.1MiB][#0076df 1.2GiB/3.6GiB(32%)][#e161cc 1.1GiB/2.8GiB(42%)]
[DL:1.1MiB][#0076df 1.2GiB/3.6GiB(32%)][#e161cc 1.1GiB/2.8GiB(42%)]
[DL:1.2MiB][#0076df 1.2GiB/3.6GiB(32%)][#e161cc 1.1GiB/2.8GiB(42%)]
[DL:1.1MiB][#0076df 1.2GiB/3.6GiB(32%)][#e161cc 1.1GiB/2.8GiB(42%)]
[DL:1.1MiB][#0076df 1.2GiB/3.6GiB(32%)][#e161cc 1.1GiB/2.8GiB(42%)]
[DL:1.1MiB][#0076df 1.2GiB/3.6GiB(32%)][#e161cc 1.1GiB/2.8GiB(42%)]
[DL:1.1MiB][#0076df 1.2GiB/3.6GiB(32%)][#e161cc 1.1GiB/2.8GiB(42%)]
[DL:1.1MiB][#0076df 1.2GiB/3.6GiB(32%)][#e161cc 1.1GiB/2.8GiB(42%)]
[DL:1.1MiB][#0076df 1.2GiB/3.6GiB(32%)][#e161cc 1.1GiB/2.8GiB(42%)]
[DL:1.1MiB][#0076df 1.2GiB/3.6GiB(32%)][#e161cc 1.1GiB/2.8GiB(42%)]
[DL:1.1MiB][#0076df 1.2GiB/3.6GiB(32%)][#e161cc 1.1GiB/2.8GiB(42%)]
[DL:1.1MiB][#0076df 1.2GiB/3.6GiB(32%)][#e161cc 1.1GiB/2.8GiB(42%)]
[DL:1.2MiB][#0076df 1.2GiB/3.6GiB(32%)][#e161cc 1.2GiB/2.8GiB(42%)]
[DL:1.1MiB][#0076df 1.2GiB/3.6GiB(32%)][#e161cc 1.2GiB/2.8GiB(42%)]
[DL:1.1MiB][#0076df 1.2GiB/3.6GiB(32%)][#e161cc 1.2GiB/2.8GiB(42%)]
[DL:1.1MiB][#0076df 1.2GiB/3.6GiB(32%)][#e161cc 1.2GiB/2.8GiB(42%)]
[DL:1.1MiB][#0076df 1.2GiB/3.6GiB(32%)][#e161cc 1.2GiB/2.8GiB(42%)]
[DL:1.1MiB][#0076df 1.2GiB/3.6GiB(32%)][#e161cc 1.2GiB/2.8GiB(42%)]
[DL:1.1MiB][#0076df 1.2GiB/3.6GiB(33%)][#e161cc 1.2GiB/2.8GiB(42%)]
[DL:1.1MiB][#0076df 1.2GiB/3.6GiB(33%)][#e161cc 1.2GiB/2.8GiB(42%)]
[DL:1.1MiB][#0076df 1.2GiB/3.6GiB(33%)][#e161cc 1.2GiB/2.8GiB(42%)]
[DL:1.1MiB][#0076df 1.2GiB/3.6GiB(33%)][#e161cc 1.2GiB/2.8GiB(42%)]
[DL:1.2MiB][#0076df 1.2GiB/3.6GiB(33%)][#e161cc 1.2GiB/2.8GiB(42%)]
[DL:1.1MiB][#0076df 1.2GiB/3.6GiB(33%)][#e161cc 1.2GiB/2.8GiB(42%)]
[DL:1.1MiB][#0076df 1.2GiB/3.6GiB(33%)][#e161cc 1.2GiB/2.8GiB(42%)]
[DL:1.1MiB][#0076df 1.2GiB/3.6GiB(33%)][#e161cc 1.2GiB/2.8GiB(42%)]
[DL:1.1MiB][#0076df 1.2GiB/3.6GiB(33%)][#e161cc 1.2GiB/2.8GiB(42%)]
[DL:1.1MiB][#0076df 1.2GiB/3.6GiB(33%)][#e161cc 1.2GiB/2.8GiB(42%)]
[DL:1.1MiB][#0076df 1.2GiB/3.6GiB(33%)][#e161cc 1.2GiB/2.8GiB(42%)]
[DL:1.1MiB][#0076df 1.2GiB/3.6GiB(33%)][#e161cc 1.2GiB/2.8GiB(42%)]
[DL:1.1MiB][#0076df 1.2GiB/3.6GiB(33%)][#e161cc 1.2GiB/2.8GiB(42%)]
[DL:1.1MiB][#0076df 1.2GiB/3.6GiB(33%)][#e161cc 1.2GiB/2.8GiB(42%)]
[DL:1.2MiB][#0076df 1.2GiB/3.6GiB(33%)][#e161cc 1.2GiB/2.8GiB(42%)]
[DL:1.1MiB][#0076df 1.2GiB/3.6GiB(33%)][#e161cc 1.2GiB/2.8GiB(42%)]
[DL:1.1MiB][#0076df 1.2GiB/3.6GiB(33%)][#e161cc 1.2GiB/2.8GiB(42%)]
[DL:1.1MiB][#0076df 1.2GiB/3.6GiB(33%)][#e161cc 1.2GiB/2.8GiB(42%)]
[DL:1.1MiB][#0076df 1.2GiB/3.6GiB(33%)][#e161cc 1.2GiB/2.8GiB(42%)]
[DL:1.1MiB][#0076df 1.2GiB/3.6GiB(33%)][#e161cc 1.2GiB/2.8GiB(42%)]
[DL:1.1MiB][#0076df 1.2GiB/3.6GiB(33%)][#e161cc 1.2GiB/2.8GiB(42%)]
[DL:1.1MiB][#0076df 1.2GiB/3.6GiB(33%)][#e161cc 1.2GiB/2.8GiB(42%)]
[DL:1.1MiB][#0076df 1.2GiB/3.6GiB(33%)][#e161cc 1.2GiB/2.8GiB(42%)]
[DL:1.1MiB][#0076df 1.2GiB/3.6GiB(33%)][#e161cc 1.2GiB/2.8GiB(42%)]
[DL:1.2MiB][#0076df 1.2GiB/3.6GiB(33%)][#e161cc 1.2GiB/2.8GiB(42%)]
[DL:1.1MiB][#0076df 1.2GiB/3.6GiB(33%)][#e161cc 1.2GiB/2.8GiB(42%)]
[DL:1.1MiB][#0076df 1.2GiB/3.6GiB(33%)][#e161cc 1.2GiB/2.8GiB(42%)]
[DL:1.1MiB][#0076df 1.2GiB/3.6GiB(33%)][#e161cc 1.2GiB/2.8GiB(42%)]
[DL:1.1MiB][#0076df 1.2GiB/3.6GiB(33%)][#e161cc 1.2GiB/2.8GiB(43%)]
[DL:1.1MiB][#0076df 1.2GiB/3.6GiB(33%)][#e161cc 1.2GiB/2.8GiB(43%)]
[DL:1.1MiB][#0076df 1.2GiB/3.6GiB(33%)][#e161cc 1.2GiB/2.8GiB(43%)]
[DL:1.1MiB][#0076df 1.2GiB/3.6GiB(33%)][#e161cc 1.2GiB/2.8GiB(43%)]
[DL:1.1MiB][#0076df 1.2GiB/3.6GiB(33%)][#e161cc 1.2GiB/2.8GiB(43%)]
[DL:1.1MiB][#0076df 1.2GiB/3.6GiB(33%)][#e161cc 1.2GiB/2.8GiB(43%)]
[DL:1.2MiB][#0076df 1.2GiB/3.6GiB(33%)][#e161cc 1.2GiB/2.8GiB(43%)]
[DL:1.1MiB][#0076df 1.2GiB/3.6GiB(33%)][#e161cc 1.2GiB/2.8GiB(43%)]
[DL:1.1MiB][#0076df 1.2GiB/3.6GiB(33%)][#e161cc 1.2GiB/2.8GiB(43%)]
[DL:1.1MiB][#0076df 1.2GiB/3.6GiB(33%)][#e161cc 1.2GiB/2.8GiB(43%)]
[DL:1.1MiB][#0076df 1.2GiB/3.6GiB(33%)][#e161cc 1.2GiB/2.8GiB(43%)]
[DL:1.1MiB][#0076df 1.2GiB/3.6GiB(33%)][#e161cc 1.2GiB/2.8GiB(43%)]
[DL:1.1MiB][#0076df 1.2GiB/3.6GiB(33%)][#e161cc 1.2GiB/2.8GiB(43%)]
[DL:1.1MiB][#0076df 1.2GiB/3.6GiB(33%)][#e161cc 1.2GiB/2.8GiB(43%)]
[DL:1.1MiB][#0076df 1.2GiB/3.6GiB(33%)][#e161cc 1.2GiB/2.8GiB(43%)]
[DL:1.1MiB][#0076df 1.2GiB/3.6GiB(33%)][#e161cc 1.2GiB/2.8GiB(43%)]
[DL:1.2MiB][#0076df 1.2GiB/3.6GiB(33%)][#e161cc 1.2GiB/2.8GiB(43%)]
[DL:1.1MiB][#0076df 1.2GiB/3.6GiB(33%)][#e161cc 1.2GiB/2.8GiB(43%)]
[DL:1.1MiB][#0076df 1.2GiB/3.6GiB(33%)][#e161cc 1.2GiB/2.8GiB(43%)]
[DL:1.1MiB][#0076df 1.2GiB/3.6GiB(33%)][#e161cc 1.2GiB/2.8GiB(43%)]
[DL:1.1MiB][#0076df 1.2GiB/3.6GiB(33%)][#e161cc 1.2GiB/2.8GiB(43%)]
[DL:1.1MiB][#0076df 1.2GiB/3.6GiB(33%)][#e161cc 1.2GiB/2.8GiB(43%)]
[DL:1.1MiB][#0076df 1.2GiB/3.6GiB(33%)][#e161cc 1.2GiB/2.8GiB(43%)]
[DL:1.1MiB][#0076df 1.2GiB/3.6GiB(33%)][#e161cc 1.2GiB/2.8GiB(43%)]
[DL:1.1MiB][#0076df 1.2GiB/3.6GiB(33%)][#e161cc 1.2GiB/2.8GiB(43%)]
[DL:1.1MiB][#0076df 1.2GiB/3.6GiB(33%)][#e161cc 1.2GiB/2.8GiB(43%)]
[DL:1.2MiB][#0076df 1.2GiB/3.6GiB(33%)][#e161cc 1.2GiB/2.8GiB(43%)]
[DL:1.1MiB][#0076df 1.2GiB/3.6GiB(33%)][#e161cc 1.2GiB/2.8GiB(43%)]
[DL:1.1MiB][#0076df 1.2GiB/3.6GiB(33%)][#e161cc 1.2GiB/2.8GiB(43%)]
[DL:1.1MiB][#0076df 1.2GiB/3.6GiB(33%)][#e161cc 1.2GiB/2.8GiB(43%)]
[DL:1.1MiB][#0076df 1.2GiB/3.6GiB(33%)][#e161cc 1.2GiB/2.8GiB(43%)]
[DL:1.1MiB][#0076df 1.2GiB/3.6GiB(33%)][#e161cc 1.2GiB/2.8GiB(43%)]
[DL:1.1MiB][#0076df 1.2GiB/3.6GiB(33%)][#e161cc 1.2GiB/2.8GiB(43%)]
[DL:1.1MiB][#0076df 1.2GiB/3.6GiB(33%)][#e161cc 1.2GiB/2.8GiB(43%)]
[DL:1.1MiB][#0076df 1.2GiB/3.6GiB(33%)][#e161cc 1.2GiB/2.8GiB(43%)]
[DL:1.1MiB][#0076df 1.2GiB/3.6GiB(33%)][#e161cc 1.2GiB/2.8GiB(43%)]
[DL:1.2MiB][#0076df 1.2GiB/3.6GiB(33%)][#e161cc 1.2GiB/2.8GiB(43%)]
[DL:0B][#0076df 1.2GiB/3.6GiB(33%)][#e161cc 1.2GiB/2.8GiB(43%)]
[DL:31KiB][#0076df 1.2GiB/3.6GiB(33%)][#e161cc 1.2GiB/2.8GiB(43%)]
[DL:668KiB][#0076df 1.2GiB/3.6GiB(34%)][#e161cc 1.2GiB/2.8GiB(43%)]
[DL:872KiB][#0076df 1.2GiB/3.6GiB(34%)][#e161cc 1.2GiB/2.8GiB(43%)]
[DL:0.9MiB][#0076df 1.2GiB/3.6GiB(34%)][#e161cc 1.2GiB/2.8GiB(43%)]
[DL:1.0MiB][#0076df 1.2GiB/3.6GiB(34%)][#e161cc 1.2GiB/2.8GiB(43%)]
[DL:1.0MiB][#0076df 1.2GiB/3.6GiB(34%)][#e161cc 1.2GiB/2.8GiB(43%)]
[DL:1.0MiB][#0076df 1.2GiB/3.6GiB(34%)][#e161cc 1.2GiB/2.8GiB(43%)]
[DL:1.1MiB][#0076df 1.2GiB/3.6GiB(34%)][#e161cc 1.2GiB/2.8GiB(43%)]
[DL:1.1MiB][#0076df 1.2GiB/3.6GiB(34%)][#e161cc 1.2GiB/2.8GiB(43%)]
[DL:1.2MiB][#0076df 1.2GiB/3.6GiB(34%)][#e161cc 1.2GiB/2.8GiB(43%)]
[DL:1.1MiB][#0076df 1.2GiB/3.6GiB(34%)][#e161cc 1.2GiB/2.8GiB(43%)]
[DL:1.1MiB][#0076df 1.2GiB/3.6GiB(34%)][#e161cc 1.2GiB/2.8GiB(43%)]
[DL:1.1MiB][#0076df 1.2GiB/3.6GiB(34%)][#e161cc 1.2GiB/2.8GiB(43%)]
[DL:1.1MiB][#0076df 1.2GiB/3.6GiB(34%)][#e161cc 1.2GiB/2.8GiB(44%)]
[DL:1.1MiB][#0076df 1.2GiB/3.6GiB(34%)][#e161cc 1.2GiB/2.8GiB(44%)]
[DL:1.1MiB][#0076df 1.2GiB/3.6GiB(34%)][#e161cc 1.2GiB/2.8GiB(44%)]
[DL:1.1MiB][#0076df 1.2GiB/3.6GiB(34%)][#e161cc 1.2GiB/2.8GiB(44%)]
[DL:1.1MiB][#0076df 1.2GiB/3.6GiB(34%)][#e161cc 1.2GiB/2.8GiB(44%)]
[DL:1.1MiB][#0076df 1.2GiB/3.6GiB(34%)][#e161cc 1.2GiB/2.8GiB(44%)]
[DL:1.2MiB][#0076df 1.2GiB/3.6GiB(34%)][#e161cc 1.2GiB/2.8GiB(44%)]
[DL:1.1MiB][#0076df 1.2GiB/3.6GiB(34%)][#e161cc 1.2GiB/2.8GiB(44%)]
[DL:1.1MiB][#0076df 1.2GiB/3.6GiB(34%)][#e161cc 1.2GiB/2.8GiB(44%)]
[DL:1.1MiB][#0076df 1.2GiB/3.6GiB(34%)][#e161cc 1.2GiB/2.8GiB(44%)]
[DL:1.1MiB][#0076df 1.2GiB/3.6GiB(34%)][#e161cc 1.2GiB/2.8GiB(44%)]
[DL:1.1MiB][#0076df 1.2GiB/3.6GiB(34%)][#e161cc 1.2GiB/2.8GiB(44%)]
[DL:1.1MiB][#0076df 1.2GiB/3.6GiB(34%)][#e161cc 1.2GiB/2.8GiB(44%)]
[DL:1.1MiB][#0076df 1.2GiB/3.6GiB(34%)][#e161cc 1.2GiB/2.8GiB(44%)]
[DL:1.1MiB][#0076df 1.2GiB/3.6GiB(34%)][#e161cc 1.2GiB/2.8GiB(44%)]
[DL:1.1MiB][#0076df 1.2GiB/3.6GiB(34%)][#e161cc 1.2GiB/2.8GiB(44%)]
[DL:1.2MiB][#0076df 1.2GiB/3.6GiB(34%)][#e161cc 1.2GiB/2.8GiB(44%)]
[DL:1.1MiB][#0076df 1.2GiB/3.6GiB(34%)][#e161cc 1.2GiB/2.8GiB(44%)]
[DL:1.1MiB][#0076df 1.2GiB/3.6GiB(34%)][#e161cc 1.2GiB/2.8GiB(44%)]
[DL:1.1MiB][#0076df 1.2GiB/3.6GiB(34%)][#e161cc 1.2GiB/2.8GiB(44%)]
[DL:1.1MiB][#0076df 1.2GiB/3.6GiB(34%)][#e161cc 1.2GiB/2.8GiB(44%)]
[DL:1.1MiB][#0076df 1.2GiB/3.6GiB(34%)][#e161cc 1.2GiB/2.8GiB(44%)]
[DL:1.1MiB][#0076df 1.2GiB/3.6GiB(34%)][#e161cc 1.2GiB/2.8GiB(44%)]
[DL:1.1MiB][#0076df 1.2GiB/3.6GiB(34%)][#e161cc 1.2GiB/2.8GiB(44%)]
[DL:1.1MiB][#0076df 1.2GiB/3.6GiB(34%)][#e161cc 1.2GiB/2.8GiB(44%)]
[DL:1.1MiB][#0076df 1.2GiB/3.6GiB(34%)][#e161cc 1.2GiB/2.8GiB(44%)]
[DL:1.2MiB][#0076df 1.2GiB/3.6GiB(34%)][#e161cc 1.2GiB/2.8GiB(44%)]
[DL:1.1MiB][#0076df 1.2GiB/3.6GiB(34%)][#e161cc 1.2GiB/2.8GiB(44%)]
[DL:1.1MiB][#0076df 1.2GiB/3.6GiB(34%)][#e161cc 1.2GiB/2.8GiB(44%)]
[DL:1.1MiB][#0076df 1.2GiB/3.6GiB(34%)][#e161cc 1.2GiB/2.8GiB(44%)]
[DL:1.1MiB][#0076df 1.2GiB/3.6GiB(34%)][#e161cc 1.2GiB/2.8GiB(44%)]
[DL:1.1MiB][#0076df 1.2GiB/3.6GiB(34%)][#e161cc 1.2GiB/2.8GiB(44%)]
[DL:1.1MiB][#0076df 1.2GiB/3.6GiB(34%)][#e161cc 1.2GiB/2.8GiB(44%)]
[DL:1.1MiB][#0076df 1.2GiB/3.6GiB(34%)][#e161cc 1.2GiB/2.8GiB(44%)]
[DL:1.1MiB][#0076df 1.2GiB/3.6GiB(34%)][#e161cc 1.2GiB/2.8GiB(44%)]
[DL:1.1MiB][#0076df 1.2GiB/3.6GiB(34%)][#e161cc 1.2GiB/2.8GiB(44%)]
[DL:1.2MiB][#0076df 1.2GiB/3.6GiB(34%)][#e161cc 1.2GiB/2.8GiB(44%)]
[DL:1.1MiB][#0076df 1.2GiB/3.6GiB(34%)][#e161cc 1.2GiB/2.8GiB(44%)]
[DL:1.1MiB][#0076df 1.2GiB/3.6GiB(34%)][#e161cc 1.2GiB/2.8GiB(44%)]
[DL:1.1MiB][#0076df 1.2GiB/3.6GiB(34%)][#e161cc 1.2GiB/2.8GiB(44%)]
[DL:1.1MiB][#0076df 1.2GiB/3.6GiB(34%)][#e161cc 1.2GiB/2.8GiB(44%)]
[DL:1.1MiB][#0076df 1.2GiB/3.6GiB(34%)][#e161cc 1.2GiB/2.8GiB(44%)]
[DL:1.1MiB][#0076df 1.2GiB/3.6GiB(34%)][#e161cc 1.2GiB/2.8GiB(44%)]
[DL:1.1MiB][#0076df 1.2GiB/3.6GiB(34%)][#e161cc 1.2GiB/2.8GiB(44%)]
[DL:1.1MiB][#0076df 1.2GiB/3.6GiB(34%)][#e161cc 1.2GiB/2.8GiB(44%)]
[DL:1.1MiB][#0076df 1.2GiB/3.6GiB(34%)][#e161cc 1.2GiB/2.8GiB(44%)]
[DL:1.2MiB][#0076df 1.2GiB/3.6GiB(34%)][#e161cc 1.2GiB/2.8GiB(44%)]
[DL:0.9MiB][#0076df 1.2GiB/3.6GiB(34%)][#e161cc 1.2GiB/2.8GiB(44%)]
[DL:1.1MiB][#0076df 1.2GiB/3.6GiB(34%)][#e161cc 1.2GiB/2.8GiB(44%)]
[DL:1.1MiB][#0076df 1.2GiB/3.6GiB(34%)][#e161cc 1.2GiB/2.8GiB(44%)]
[DL:1.1MiB][#0076df 1.2GiB/3.6GiB(34%)][#e161cc 1.2GiB/2.8GiB(45%)]
[DL:1.1MiB][#0076df 1.2GiB/3.6GiB(35%)][#e161cc 1.2GiB/2.8GiB(45%)]
[DL:1.1MiB][#0076df 1.2GiB/3.6GiB(35%)][#e161cc 1.2GiB/2.8GiB(45%)]
[DL:1.1MiB][#0076df 1.2GiB/3.6GiB(35%)][#e161cc 1.2GiB/2.8GiB(45%)]
[DL:1.4MiB][#0076df 1.2GiB/3.6GiB(35%)][#e161cc 1.2GiB/2.8GiB(45%)]
[DL:1.2MiB][#0076df 1.2GiB/3.6GiB(35%)][#e161cc 1.2GiB/2.8GiB(45%)]
[DL:1.1MiB][#0076df 1.2GiB/3.6GiB(35%)][#e161cc 1.2GiB/2.8GiB(45%)]
[DL:0.9MiB][#0076df 1.2GiB/3.6GiB(35%)][#e161cc 1.2GiB/2.8GiB(45%)]
[DL:1.1MiB][#0076df 1.2GiB/3.6GiB(35%)][#e161cc 1.2GiB/2.8GiB(45%)]
[DL:1.1MiB][#0076df 1.2GiB/3.6GiB(35%)][#e161cc 1.2GiB/2.8GiB(45%)]
[DL:1.1MiB][#0076df 1.2GiB/3.6GiB(35%)][#e161cc 1.2GiB/2.8GiB(45%)]
[DL:1.1MiB][#0076df 1.2GiB/3.6GiB(35%)][#e161cc 1.2GiB/2.8GiB(45%)]
[DL:1.1MiB][#0076df 1.2GiB/3.6GiB(35%)][#e161cc 1.2GiB/2.8GiB(45%)]
[DL:1.2MiB][#0076df 1.2GiB/3.6GiB(35%)][#e161cc 1.2GiB/2.8GiB(45%)]
[DL:1.1MiB][#0076df 1.2GiB/3.6GiB(35%)][#e161cc 1.2GiB/2.8GiB(45%)]
[DL:1.2MiB][#0076df 1.3GiB/3.6GiB(35%)][#e161cc 1.2GiB/2.8GiB(45%)]
[DL:1.1MiB][#0076df 1.3GiB/3.6GiB(35%)][#e161cc 1.2GiB/2.8GiB(45%)]
[DL:0.9MiB][#0076df 1.3GiB/3.6GiB(35%)][#e161cc 1.2GiB/2.8GiB(45%)]
[DL:1.1MiB][#0076df 1.3GiB/3.6GiB(35%)][#e161cc 1.2GiB/2.8GiB(45%)]
[DL:1.1MiB][#0076df 1.3GiB/3.6GiB(35%)][#e161cc 1.2GiB/2.8GiB(45%)]
[DL:1.1MiB][#0076df 1.3GiB/3.6GiB(35%)][#e161cc 1.2GiB/2.8GiB(45%)]
[DL:1.1MiB][#0076df 1.3GiB/3.6GiB(35%)][#e161cc 1.2GiB/2.8GiB(45%)]
[DL:1.1MiB][#0076df 1.3GiB/3.6GiB(35%)][#e161cc 1.2GiB/2.8GiB(45%)]
[DL:1.2MiB][#0076df 1.3GiB/3.6GiB(35%)][#e161cc 1.2GiB/2.8GiB(45%)]
[DL:1.1MiB][#0076df 1.3GiB/3.6GiB(35%)][#e161cc 1.2GiB/2.8GiB(45%)]
[DL:1.2MiB][#0076df 1.3GiB/3.6GiB(35%)][#e161cc 1.2GiB/2.8GiB(45%)]
 *** Download Progress Summary as of Sat Aug 15 23:13:01 2026 *** 
===============================================================================
[#0076df 1.3GiB/3.6GiB(35%) CN:1 DL:582KiB ETA:1h11m36s]
FILE: /srv/modelstripe/qwen/Qwen3.8-27B/6026d6bb4baa574f54205e2894816127bcf444bb4f727aa76a4fd3c90e810140
-------------------------------------------------------------------------------
[#e161cc 1.2GiB/2.8GiB(45%) CN:1 DL:575KiB ETA:46m52s]
FILE: /srv/modelstripe/qwen/Qwen3.8-27B/9c56e976ca79eb9ff5c91e64f51cdefb5f6b2651c96d8569df49033f79642d78
-------------------------------------------------------------------------------

[DL:1.1MiB][#0076df 1.3GiB/3.6GiB(35%)][#e161cc 1.2GiB/2.8GiB(45%)]
[DL:0.9MiB][#0076df 1.3GiB/3.6GiB(35%)][#e161cc 1.2GiB/2.8GiB(45%)]
[DL:1.1MiB][#0076df 1.3GiB/3.6GiB(35%)][#e161cc 1.2GiB/2.8GiB(45%)]
[DL:1.1MiB][#0076df 1.3GiB/3.6GiB(35%)][#e161cc 1.2GiB/2.8GiB(45%)]
[DL:1.1MiB][#0076df 1.3GiB/3.6GiB(35%)][#e161cc 1.2GiB/2.8GiB(45%)]
[DL:1.1MiB][#0076df 1.3GiB/3.6GiB(35%)][#e161cc 1.2GiB/2.8GiB(45%)]
[DL:1.1MiB][#0076df 1.3GiB/3.6GiB(35%)][#e161cc 1.2GiB/2.8GiB(45%)]
[DL:1.2MiB][#0076df 1.3GiB/3.6GiB(35%)][#e161cc 1.2GiB/2.8GiB(45%)]
[DL:1.1MiB][#0076df 1.3GiB/3.6GiB(35%)][#e161cc 1.2GiB/2.8GiB(45%)]
[DL:1.2MiB][#0076df 1.3GiB/3.6GiB(35%)][#e161cc 1.2GiB/2.8GiB(45%)]
[DL:1.1MiB][#0076df 1.3GiB/3.6GiB(35%)][#e161cc 1.2GiB/2.8GiB(45%)]
[DL:0.9MiB][#0076df 1.3GiB/3.6GiB(35%)][#e161cc 1.2GiB/2.8GiB(45%)]
[DL:1.1MiB][#0076df 1.3GiB/3.6GiB(35%)][#e161cc 1.2GiB/2.8GiB(45%)]
[DL:1.1MiB][#0076df 1.3GiB/3.6GiB(35%)][#e161cc 1.2GiB/2.8GiB(45%)]
[DL:1.1MiB][#0076df 1.3GiB/3.6GiB(35%)][#e161cc 1.2GiB/2.8GiB(45%)]
[DL:1.1MiB][#0076df 1.3GiB/3.6GiB(35%)][#e161cc 1.2GiB/2.8GiB(45%)]
[DL:1.1MiB][#0076df 1.3GiB/3.6GiB(35%)][#e161cc 1.2GiB/2.8GiB(45%)]
[DL:1.2MiB][#0076df 1.3GiB/3.6GiB(35%)][#e161cc 1.2GiB/2.8GiB(45%)]
[DL:1.1MiB][#0076df 1.3GiB/3.6GiB(35%)][#e161cc 1.2GiB/2.8GiB(45%)]
[DL:1.2MiB][#0076df 1.3GiB/3.6GiB(35%)][#e161cc 1.3GiB/2.8GiB(45%)]
[DL:1.1MiB][#0076df 1.3GiB/3.6GiB(35%)][#e161cc 1.3GiB/2.8GiB(45%)]
[DL:0.9MiB][#0076df 1.3GiB/3.6GiB(35%)][#e161cc 1.3GiB/2.8GiB(45%)]
[DL:1.1MiB][#0076df 1.3GiB/3.6GiB(35%)][#e161cc 1.3GiB/2.8GiB(45%)]
[DL:1.1MiB][#0076df 1.3GiB/3.6GiB(35%)][#e161cc 1.3GiB/2.8GiB(45%)]
[DL:1.1MiB][#0076df 1.3GiB/3.6GiB(35%)][#e161cc 1.3GiB/2.8GiB(46%)]
[DL:1.1MiB][#0076df 1.3GiB/3.6GiB(35%)][#e161cc 1.3GiB/2.8GiB(46%)]
[DL:1.1MiB][#0076df 1.3GiB/3.6GiB(35%)][#e161cc 1.3GiB/2.8GiB(46%)]
[DL:1.2MiB][#0076df 1.3GiB/3.6GiB(35%)][#e161cc 1.3GiB/2.8GiB(46%)]
[DL:1.1MiB][#0076df 1.3GiB/3.6GiB(35%)][#e161cc 1.3GiB/2.8GiB(46%)]
[DL:1.2MiB][#0076df 1.3GiB/3.6GiB(35%)][#e161cc 1.3GiB/2.8GiB(46%)]
[DL:1.1MiB][#0076df 1.3GiB/3.6GiB(35%)][#e161cc 1.3GiB/2.8GiB(46%)]
[DL:1.0MiB][#0076df 1.3GiB/3.6GiB(35%)][#e161cc 1.3GiB/2.8GiB(46%)]
[DL:1.1MiB][#0076df 1.3GiB/3.6GiB(35%)][#e161cc 1.3GiB/2.8GiB(46%)]
[DL:1.1MiB][#0076df 1.3GiB/3.6GiB(35%)][#e161cc 1.3GiB/2.8GiB(46%)]
[DL:1.1MiB][#0076df 1.3GiB/3.6GiB(35%)][#e161cc 1.3GiB/2.8GiB(46%)]
[DL:1.0MiB][#0076df 1.3GiB/3.6GiB(35%)][#e161cc 1.3GiB/2.8GiB(46%)]
[DL:1.2MiB][#0076df 1.3GiB/3.6GiB(35%)][#e161cc 1.3GiB/2.8GiB(46%)]
[DL:1.2MiB][#0076df 1.3GiB/3.6GiB(35%)][#e161cc 1.3GiB/2.8GiB(46%)]
[DL:1.1MiB][#0076df 1.3GiB/3.6GiB(35%)][#e161cc 1.3GiB/2.8GiB(46%)]
[DL:1.2MiB][#0076df 1.3GiB/3.6GiB(35%)][#e161cc 1.3GiB/2.8GiB(46%)]
[DL:1.1MiB][#0076df 1.3GiB/3.6GiB(35%)][#e161cc 1.3GiB/2.8GiB(46%)]
[DL:0.9MiB][#0076df 1.3GiB/3.6GiB(35%)][#e161cc 1.3GiB/2.8GiB(46%)]
[DL:1.1MiB][#0076df 1.3GiB/3.6GiB(35%)][#e161cc 1.3GiB/2.8GiB(46%)]
[DL:0.9MiB][#0076df 1.3GiB/3.6GiB(36%)][#e161cc 1.3GiB/2.8GiB(46%)]
[DL:1.1MiB][#0076df 1.3GiB/3.6GiB(36%)][#e161cc 1.3GiB/2.8GiB(46%)]
[DL:1.1MiB][#0076df 1.3GiB/3.6GiB(36%)][#e161cc 1.3GiB/2.8GiB(46%)]
[DL:1.2MiB][#0076df 1.3GiB/3.6GiB(36%)][#e161cc 1.3GiB/2.8GiB(46%)]
[DL:1.2MiB][#0076df 1.3GiB/3.6GiB(36%)][#e161cc 1.3GiB/2.8GiB(46%)]
[DL:1.1MiB][#0076df 1.3GiB/3.6GiB(36%)][#e161cc 1.3GiB/2.8GiB(46%)]
[DL:1.2MiB][#0076df 1.3GiB/3.6GiB(36%)][#e161cc 1.3GiB/2.8GiB(46%)]
[DL:1.1MiB][#0076df 1.3GiB/3.6GiB(36%)][#e161cc 1.3GiB/2.8GiB(46%)]
[DL:0.9MiB][#0076df 1.3GiB/3.6GiB(36%)][#e161cc 1.3GiB/2.8GiB(46%)]
[DL:1.1MiB][#0076df 1.3GiB/3.6GiB(36%)][#e161cc 1.3GiB/2.8GiB(46%)]
[DL:0.9MiB][#0076df 1.3GiB/3.6GiB(36%)][#e161cc 1.3GiB/2.8GiB(46%)]
[DL:1.1MiB][#0076df 1.3GiB/3.6GiB(36%)][#e161cc 1.3GiB/2.8GiB(46%)]
[DL:1.1MiB][#0076df 1.3GiB/3.6GiB(36%)][#e161cc 1.3GiB/2.8GiB(46%)]
[DL:1.2MiB][#0076df 1.3GiB/3.6GiB(36%)][#e161cc 1.3GiB/2.8GiB(46%)]
[DL:1.2MiB][#0076df 1.3GiB/3.6GiB(36%)][#e161cc 1.3GiB/2.8GiB(46%)]
[DL:1.1MiB][#0076df 1.3GiB/3.6GiB(36%)][#e161cc 1.3GiB/2.8GiB(46%)]
[DL:1.2MiB][#0076df 1.3GiB/3.6GiB(36%)][#e161cc 1.3GiB/2.8GiB(46%)]
[DL:1.1MiB][#0076df 1.3GiB/3.6GiB(36%)][#e161cc 1.3GiB/2.8GiB(46%)]
[DL:0.9MiB][#0076df 1.3GiB/3.6GiB(36%)][#e161cc 1.3GiB/2.8GiB(46%)]
[DL:1.1MiB][#0076df 1.3GiB/3.6GiB(36%)][#e161cc 1.3GiB/2.8GiB(46%)]
[DL:0.9MiB][#0076df 1.3GiB/3.6GiB(36%)][#e161cc 1.3GiB/2.8GiB(46%)]
[DL:1.1MiB][#0076df 1.3GiB/3.6GiB(36%)][#e161cc 1.3GiB/2.8GiB(46%)]
[DL:1.1MiB][#0076df 1.3GiB/3.6GiB(36%)][#e161cc 1.3GiB/2.8GiB(46%)]
[DL:1.2MiB][#0076df 1.3GiB/3.6GiB(36%)][#e161cc 1.3GiB/2.8GiB(46%)]
[DL:1.2MiB][#0076df 1.3GiB/3.6GiB(36%)][#e161cc 1.3GiB/2.8GiB(46%)]
[DL:1.1MiB][#0076df 1.3GiB/3.6GiB(36%)][#e161cc 1.3GiB/2.8GiB(46%)]
[DL:1.2MiB][#0076df 1.3GiB/3.6GiB(36%)][#e161cc 1.3GiB/2.8GiB(46%)]
[DL:1.1MiB][#0076df 1.3GiB/3.6GiB(36%)][#e161cc 1.3GiB/2.8GiB(46%)]
[DL:0.9MiB][#0076df 1.3GiB/3.6GiB(36%)][#e161cc 1.3GiB/2.8GiB(46%)]
[DL:1.1MiB][#0076df 1.3GiB/3.6GiB(36%)][#e161cc 1.3GiB/2.8GiB(47%)]
[DL:0.9MiB][#0076df 1.3GiB/3.6GiB(36%)][#e161cc 1.3GiB/2.8GiB(47%)]
[DL:1.1MiB][#0076df 1.3GiB/3.6GiB(36%)][#e161cc 1.3GiB/2.8GiB(47%)]
[DL:1.1MiB][#0076df 1.3GiB/3.6GiB(36%)][#e161cc 1.3GiB/2.8GiB(47%)]
[DL:1.2MiB][#0076df 1.3GiB/3.6GiB(36%)][#e161cc 1.3GiB/2.8GiB(47%)]
[DL:1.2MiB][#0076df 1.3GiB/3.6GiB(36%)][#e161cc 1.3GiB/2.8GiB(47%)]
[DL:1.1MiB][#0076df 1.3GiB/3.6GiB(36%)][#e161cc 1.3GiB/2.8GiB(47%)]
[DL:1.2MiB][#0076df 1.3GiB/3.6GiB(36%)][#e161cc 1.3GiB/2.8GiB(47%)]
[DL:1.1MiB][#0076df 1.3GiB/3.6GiB(36%)][#e161cc 1.3GiB/2.8GiB(47%)]
[DL:0.9MiB][#0076df 1.3GiB/3.6GiB(36%)][#e161cc 1.3GiB/2.8GiB(47%)]
[DL:1.1MiB][#0076df 1.3GiB/3.6GiB(36%)][#e161cc 1.3GiB/2.8GiB(47%)]
[DL:0.9MiB][#0076df 1.3GiB/3.6GiB(36%)][#e161cc 1.3GiB/2.8GiB(47%)]
[DL:1.1MiB][#0076df 1.3GiB/3.6GiB(36%)][#e161cc 1.3GiB/2.8GiB(47%)]
[DL:1.1MiB][#0076df 1.3GiB/3.6GiB(36%)][#e161cc 1.3GiB/2.8GiB(47%)]
[DL:1.2MiB][#0076df 1.3GiB/3.6GiB(36%)][#e161cc 1.3GiB/2.8GiB(47%)]
[DL:1.2MiB][#0076df 1.3GiB/3.6GiB(36%)][#e161cc 1.3GiB/2.8GiB(47%)]
[DL:1.1MiB][#0076df 1.3GiB/3.6GiB(36%)][#e161cc 1.3GiB/2.8GiB(47%)]
[DL:1.2MiB][#0076df 1.3GiB/3.6GiB(36%)][#e161cc 1.3GiB/2.8GiB(47%)]
[DL:1.1MiB][#0076df 1.3GiB/3.6GiB(36%)][#e161cc 1.3GiB/2.8GiB(47%)]
[DL:1.0MiB][#0076df 1.3GiB/3.6GiB(36%)][#e161cc 1.3GiB/2.8GiB(47%)]
[DL:1.1MiB][#0076df 1.3GiB/3.6GiB(36%)][#e161cc 1.3GiB/2.8GiB(47%)]
[DL:0.9MiB][#0076df 1.3GiB/3.6GiB(36%)][#e161cc 1.3GiB/2.8GiB(47%)]
[DL:1.1MiB][#0076df 1.3GiB/3.6GiB(36%)][#e161cc 1.3GiB/2.8GiB(47%)]
[DL:1.1MiB][#0076df 1.3GiB/3.6GiB(36%)][#e161cc 1.3GiB/2.8GiB(47%)]
[DL:1.2MiB][#0076df 1.3GiB/3.6GiB(36%)][#e161cc 1.3GiB/2.8GiB(47%)]
[DL:1.2MiB][#0076df 1.3GiB/3.6GiB(36%)][#e161cc 1.3GiB/2.8GiB(47%)]
[DL:1.1MiB][#0076df 1.3GiB/3.6GiB(36%)][#e161cc 1.3GiB/2.8GiB(47%)]
[DL:1.2MiB][#0076df 1.3GiB/3.6GiB(36%)][#e161cc 1.3GiB/2.8GiB(47%)]
[DL:1.1MiB][#0076df 1.3GiB/3.6GiB(36%)][#e161cc 1.3GiB/2.8GiB(47%)]
[DL:0.9MiB][#0076df 1.3GiB/3.6GiB(36%)][#e161cc 1.3GiB/2.8GiB(47%)]
[DL:1.1MiB][#0076df 1.3GiB/3.6GiB(36%)][#e161cc 1.3GiB/2.8GiB(47%)]
[DL:0.9MiB][#0076df 1.3GiB/3.6GiB(36%)][#e161cc 1.3GiB/2.8GiB(47%)]
[DL:1.1MiB][#0076df 1.3GiB/3.6GiB(36%)][#e161cc 1.3GiB/2.8GiB(47%)]
[DL:1.1MiB][#0076df 1.3GiB/3.6GiB(36%)][#e161cc 1.3GiB/2.8GiB(47%)]
[DL:1.2MiB][#0076df 1.3GiB/3.6GiB(37%)][#e161cc 1.3GiB/2.8GiB(47%)]
[DL:1.2MiB][#0076df 1.3GiB/3.6GiB(37%)][#e161cc 1.3GiB/2.8GiB(47%)]
[DL:1.1MiB][#0076df 1.3GiB/3.6GiB(37%)][#e161cc 1.3GiB/2.8GiB(47%)]
[DL:1.2MiB][#0076df 1.3GiB/3.6GiB(37%)][#e161cc 1.3GiB/2.8GiB(47%)]
[DL:1.1MiB][#0076df 1.3GiB/3.6GiB(37%)][#e161cc 1.3GiB/2.8GiB(47%)]
[DL:0.9MiB][#0076df 1.3GiB/3.6GiB(37%)][#e161cc 1.3GiB/2.8GiB(47%)]
[DL:1.1MiB][#0076df 1.3GiB/3.6GiB(37%)][#e161cc 1.3GiB/2.8GiB(47%)]
[DL:0.9MiB][#0076df 1.3GiB/3.6GiB(37%)][#e161cc 1.3GiB/2.8GiB(47%)]
[DL:1.1MiB][#0076df 1.3GiB/3.6GiB(37%)][#e161cc 1.3GiB/2.8GiB(47%)]
[DL:1.1MiB][#0076df 1.3GiB/3.6GiB(37%)][#e161cc 1.3GiB/2.8GiB(47%)]
[DL:1.2MiB][#0076df 1.3GiB/3.6GiB(37%)][#e161cc 1.3GiB/2.8GiB(47%)]
[DL:1.2MiB][#0076df 1.3GiB/3.6GiB(37%)][#e161cc 1.3GiB/2.8GiB(47%)]
[DL:1.1MiB][#0076df 1.3GiB/3.6GiB(37%)][#e161cc 1.3GiB/2.8GiB(47%)]
[DL:1.2MiB][#0076df 1.3GiB/3.6GiB(37%)][#e161cc 1.3GiB/2.8GiB(47%)]
[DL:1.1MiB][#0076df 1.3GiB/3.6GiB(37%)][#e161cc 1.3GiB/2.8GiB(47%)]
[DL:0.9MiB][#0076df 1.3GiB/3.6GiB(37%)][#e161cc 1.3GiB/2.8GiB(47%)]
[DL:1.1MiB][#0076df 1.3GiB/3.6GiB(37%)][#e161cc 1.3GiB/2.8GiB(48%)]
[DL:0.9MiB][#0076df 1.3GiB/3.6GiB(37%)][#e161cc 1.3GiB/2.8GiB(48%)]
[DL:1.1MiB][#0076df 1.3GiB/3.6GiB(37%)][#e161cc 1.3GiB/2.8GiB(48%)]
[DL:1.1MiB][#0076df 1.3GiB/3.6GiB(37%)][#e161cc 1.3GiB/2.8GiB(48%)]
[DL:1.2MiB][#0076df 1.3GiB/3.6GiB(37%)][#e161cc 1.3GiB/2.8GiB(48%)]
[DL:1.2MiB][#0076df 1.3GiB/3.6GiB(37%)][#e161cc 1.3GiB/2.8GiB(48%)]
[DL:1.1MiB][#0076df 1.3GiB/3.6GiB(37%)][#e161cc 1.3GiB/2.8GiB(48%)]
[DL:1.2MiB][#0076df 1.3GiB/3.6GiB(37%)][#e161cc 1.3GiB/2.8GiB(48%)]
[DL:1.1MiB][#0076df 1.3GiB/3.6GiB(37%)][#e161cc 1.3GiB/2.8GiB(48%)]
[DL:0.9MiB][#0076df 1.3GiB/3.6GiB(37%)][#e161cc 1.3GiB/2.8GiB(48%)]
[DL:1.1MiB][#0076df 1.3GiB/3.6GiB(37%)][#e161cc 1.3GiB/2.8GiB(48%)]
[DL:0.9MiB][#0076df 1.3GiB/3.6GiB(37%)][#e161cc 1.3GiB/2.8GiB(48%)]
[DL:1.1MiB][#0076df 1.3GiB/3.6GiB(37%)][#e161cc 1.3GiB/2.8GiB(48%)]
[DL:1.1MiB][#0076df 1.3GiB/3.6GiB(37%)][#e161cc 1.3GiB/2.8GiB(48%)]
[DL:1.2MiB][#0076df 1.3GiB/3.6GiB(37%)][#e161cc 1.3GiB/2.8GiB(48%)]
[DL:1.2MiB][#0076df 1.3GiB/3.6GiB(37%)][#e161cc 1.3GiB/2.8GiB(48%)]
[DL:1.1MiB][#0076df 1.3GiB/3.6GiB(37%)][#e161cc 1.3GiB/2.8GiB(48%)]
[DL:1.2MiB][#0076df 1.3GiB/3.6GiB(37%)][#e161cc 1.3GiB/2.8GiB(48%)]
[DL:1.1MiB][#0076df 1.3GiB/3.6GiB(37%)][#e161cc 1.3GiB/2.8GiB(48%)]
[DL:0.9MiB][#0076df 1.3GiB/3.6GiB(37%)][#e161cc 1.3GiB/2.8GiB(48%)]
[DL:1.1MiB][#0076df 1.3GiB/3.6GiB(37%)][#e161cc 1.3GiB/2.8GiB(48%)]
[DL:0.9MiB][#0076df 1.3GiB/3.6GiB(37%)][#e161cc 1.3GiB/2.8GiB(48%)]
[DL:1.1MiB][#0076df 1.3GiB/3.6GiB(37%)][#e161cc 1.3GiB/2.8GiB(48%)]
[DL:1.1MiB][#0076df 1.3GiB/3.6GiB(37%)][#e161cc 1.3GiB/2.8GiB(48%)]
[DL:1.2MiB][#0076df 1.3GiB/3.6GiB(37%)][#e161cc 1.3GiB/2.8GiB(48%)]
[DL:1.2MiB][#0076df 1.3GiB/3.6GiB(37%)][#e161cc 1.3GiB/2.8GiB(48%)]
[DL:1.1MiB][#0076df 1.3GiB/3.6GiB(37%)][#e161cc 1.3GiB/2.8GiB(48%)]
[DL:1.2MiB][#0076df 1.3GiB/3.6GiB(37%)][#e161cc 1.3GiB/2.8GiB(48%)]
[DL:1.1MiB][#0076df 1.3GiB/3.6GiB(37%)][#e161cc 1.3GiB/2.8GiB(48%)]
[DL:0.9MiB][#0076df 1.3GiB/3.6GiB(37%)][#e161cc 1.3GiB/2.8GiB(48%)]
[DL:1.1MiB][#0076df 1.3GiB/3.6GiB(37%)][#e161cc 1.3GiB/2.8GiB(48%)]
[DL:0.9MiB][#0076df 1.3GiB/3.6GiB(37%)][#e161cc 1.3GiB/2.8GiB(48%)]
[DL:1.1MiB][#0076df 1.3GiB/3.6GiB(37%)][#e161cc 1.3GiB/2.8GiB(48%)]
[DL:1.1MiB][#0076df 1.3GiB/3.6GiB(37%)][#e161cc 1.3GiB/2.8GiB(48%)]
[DL:1.2MiB][#0076df 1.3GiB/3.6GiB(37%)][#e161cc 1.3GiB/2.8GiB(48%)]
[DL:1.2MiB][#0076df 1.3GiB/3.6GiB(37%)][#e161cc 1.3GiB/2.8GiB(48%)]
[DL:1.1MiB][#0076df 1.3GiB/3.6GiB(37%)][#e161cc 1.3GiB/2.8GiB(48%)]
[DL:1.2MiB][#0076df 1.3GiB/3.6GiB(37%)][#e161cc 1.3GiB/2.8GiB(48%)]
[DL:1.1MiB][#0076df 1.3GiB/3.6GiB(37%)][#e161cc 1.3GiB/2.8GiB(48%)]
[DL:0.9MiB][#0076df 1.3GiB/3.6GiB(37%)][#e161cc 1.3GiB/2.8GiB(48%)]
[DL:1.1MiB][#0076df 1.3GiB/3.6GiB(37%)][#e161cc 1.3GiB/2.8GiB(48%)]
[DL:0.9MiB][#0076df 1.3GiB/3.6GiB(37%)][#e161cc 1.3GiB/2.8GiB(48%)]
[DL:1.1MiB][#0076df 1.3GiB/3.6GiB(37%)][#e161cc 1.3GiB/2.8GiB(48%)]
[DL:1.1MiB][#0076df 1.4GiB/3.6GiB(37%)][#e161cc 1.3GiB/2.8GiB(48%)]
[DL:1.2MiB][#0076df 1.4GiB/3.6GiB(37%)][#e161cc 1.3GiB/2.8GiB(48%)]
[DL:1.2MiB][#0076df 1.4GiB/3.6GiB(37%)][#e161cc 1.3GiB/2.8GiB(48%)]
[DL:1.2MiB][#0076df 1.4GiB/3.6GiB(37%)][#e161cc 1.3GiB/2.8GiB(48%)]
[DL:1.1MiB][#0076df 1.4GiB/3.6GiB(37%)][#e161cc 1.3GiB/2.8GiB(48%)]
[DL:1.1MiB][#0076df 1.4GiB/3.6GiB(37%)][#e161cc 1.3GiB/2.8GiB(48%)]
[DL:0.9MiB][#0076df 1.4GiB/3.6GiB(37%)][#e161cc 1.3GiB/2.8GiB(48%)]
[DL:1.1MiB][#0076df 1.4GiB/3.6GiB(38%)][#e161cc 1.3GiB/2.8GiB(49%)]
[DL:0.9MiB][#0076df 1.4GiB/3.6GiB(38%)][#e161cc 1.3GiB/2.8GiB(49%)]
[DL:1.1MiB][#0076df 1.4GiB/3.6GiB(38%)][#e161cc 1.3GiB/2.8GiB(49%)]
[DL:1.1MiB][#0076df 1.4GiB/3.6GiB(38%)][#e161cc 1.3GiB/2.8GiB(49%)]
[DL:1.2MiB][#0076df 1.4GiB/3.6GiB(38%)][#e161cc 1.3GiB/2.8GiB(49%)]
[DL:1.2MiB][#0076df 1.4GiB/3.6GiB(38%)][#e161cc 1.3GiB/2.8GiB(49%)]
[DL:1.2MiB][#0076df 1.4GiB/3.6GiB(38%)][#e161cc 1.3GiB/2.8GiB(49%)]
[DL:1.1MiB][#0076df 1.4GiB/3.6GiB(38%)][#e161cc 1.3GiB/2.8GiB(49%)]
[DL:1.1MiB][#0076df 1.4GiB/3.6GiB(38%)][#e161cc 1.3GiB/2.8GiB(49%)]
[DL:0.9MiB][#0076df 1.4GiB/3.6GiB(38%)][#e161cc 1.3GiB/2.8GiB(49%)]
[DL:1.1MiB][#0076df 1.4GiB/3.6GiB(38%)][#e161cc 1.3GiB/2.8GiB(49%)]
[DL:0.9MiB][#0076df 1.4GiB/3.6GiB(38%)][#e161cc 1.3GiB/2.8GiB(49%)]
[DL:1.1MiB][#0076df 1.4GiB/3.6GiB(38%)][#e161cc 1.3GiB/2.8GiB(49%)]
[DL:1.1MiB][#0076df 1.4GiB/3.6GiB(38%)][#e161cc 1.3GiB/2.8GiB(49%)]
[DL:1.2MiB][#0076df 1.4GiB/3.6GiB(38%)][#e161cc 1.3GiB/2.8GiB(49%)]
[DL:1.2MiB][#0076df 1.4GiB/3.6GiB(38%)][#e161cc 1.3GiB/2.8GiB(49%)]
[DL:1.2MiB][#0076df 1.4GiB/3.6GiB(38%)][#e161cc 1.3GiB/2.8GiB(49%)]
[DL:1.1MiB][#0076df 1.4GiB/3.6GiB(38%)][#e161cc 1.3GiB/2.8GiB(49%)]
[DL:1.1MiB][#0076df 1.4GiB/3.6GiB(38%)][#e161cc 1.3GiB/2.8GiB(49%)]
[DL:0.9MiB][#0076df 1.4GiB/3.6GiB(38%)][#e161cc 1.3GiB/2.8GiB(49%)]
[DL:1.1MiB][#0076df 1.4GiB/3.6GiB(38%)][#e161cc 1.3GiB/2.8GiB(49%)]
[DL:0.9MiB][#0076df 1.4GiB/3.6GiB(38%)][#e161cc 1.4GiB/2.8GiB(49%)]
[DL:1.1MiB][#0076df 1.4GiB/3.6GiB(38%)][#e161cc 1.4GiB/2.8GiB(49%)]
[DL:1.1MiB][#0076df 1.4GiB/3.6GiB(38%)][#e161cc 1.4GiB/2.8GiB(49%)]
[DL:1.2MiB][#0076df 1.4GiB/3.6GiB(38%)][#e161cc 1.4GiB/2.8GiB(49%)]
[DL:1.2MiB][#0076df 1.4GiB/3.6GiB(38%)][#e161cc 1.4GiB/2.8GiB(49%)]
[DL:1.2MiB][#0076df 1.4GiB/3.6GiB(38%)][#e161cc 1.4GiB/2.8GiB(49%)]
[DL:1.1MiB][#0076df 1.4GiB/3.6GiB(38%)][#e161cc 1.4GiB/2.8GiB(49%)]
[DL:1.1MiB][#0076df 1.4GiB/3.6GiB(38%)][#e161cc 1.4GiB/2.8GiB(49%)]
[DL:0.9MiB][#0076df 1.4GiB/3.6GiB(38%)][#e161cc 1.4GiB/2.8GiB(49%)]
[DL:1.1MiB][#0076df 1.4GiB/3.6GiB(38%)][#e161cc 1.4GiB/2.8GiB(49%)]
[DL:0.9MiB][#0076df 1.4GiB/3.6GiB(38%)][#e161cc 1.4GiB/2.8GiB(49%)]
[DL:1.1MiB][#0076df 1.4GiB/3.6GiB(38%)][#e161cc 1.4GiB/2.8GiB(49%)]
[DL:1.1MiB][#0076df 1.4GiB/3.6GiB(38%)][#e161cc 1.4GiB/2.8GiB(49%)]
[DL:1.2MiB][#0076df 1.4GiB/3.6GiB(38%)][#e161cc 1.4GiB/2.8GiB(49%)]
[DL:1.2MiB][#0076df 1.4GiB/3.6GiB(38%)][#e161cc 1.4GiB/2.8GiB(49%)]
[DL:1.2MiB][#0076df 1.4GiB/3.6GiB(38%)][#e161cc 1.4GiB/2.8GiB(49%)]
[DL:1.1MiB][#0076df 1.4GiB/3.6GiB(38%)][#e161cc 1.4GiB/2.8GiB(49%)]
[DL:1.1MiB][#0076df 1.4GiB/3.6GiB(38%)][#e161cc 1.4GiB/2.8GiB(49%)]
[DL:0.9MiB][#0076df 1.4GiB/3.6GiB(38%)][#e161cc 1.4GiB/2.8GiB(49%)]
[DL:1.1MiB][#0076df 1.4GiB/3.6GiB(38%)][#e161cc 1.4GiB/2.8GiB(49%)]
[DL:0.9MiB][#0076df 1.4GiB/3.6GiB(38%)][#e161cc 1.4GiB/2.8GiB(49%)]
[DL:1.1MiB][#0076df 1.4GiB/3.6GiB(38%)][#e161cc 1.4GiB/2.8GiB(49%)]
[DL:1.1MiB][#0076df 1.4GiB/3.6GiB(38%)][#e161cc 1.4GiB/2.8GiB(49%)]
[DL:1.2MiB][#0076df 1.4GiB/3.6GiB(38%)][#e161cc 1.4GiB/2.8GiB(49%)]
[DL:1.2MiB][#0076df 1.4GiB/3.6GiB(38%)][#e161cc 1.4GiB/2.8GiB(49%)]
[DL:1.2MiB][#0076df 1.4GiB/3.6GiB(38%)][#e161cc 1.4GiB/2.8GiB(49%)]
[DL:1.1MiB][#0076df 1.4GiB/3.6GiB(38%)][#e161cc 1.4GiB/2.8GiB(49%)]
[DL:1.1MiB][#0076df 1.4GiB/3.6GiB(38%)][#e161cc 1.4GiB/2.8GiB(49%)]
[DL:0.9MiB][#0076df 1.4GiB/3.6GiB(38%)][#e161cc 1.4GiB/2.8GiB(49%)]
[DL:1.1MiB][#0076df 1.4GiB/3.6GiB(38%)][#e161cc 1.4GiB/2.8GiB(50%)]
[DL:0.9MiB][#0076df 1.4GiB/3.6GiB(38%)][#e161cc 1.4GiB/2.8GiB(50%)]
[DL:1.1MiB][#0076df 1.4GiB/3.6GiB(38%)][#e161cc 1.4GiB/2.8GiB(50%)]
[DL:1.1MiB][#0076df 1.4GiB/3.6GiB(38%)][#e161cc 1.4GiB/2.8GiB(50%)]
[DL:1.2MiB][#0076df 1.4GiB/3.6GiB(38%)][#e161cc 1.4GiB/2.8GiB(50%)]
[DL:1.2MiB][#0076df 1.4GiB/3.6GiB(38%)][#e161cc 1.4GiB/2.8GiB(50%)]
[DL:1.2MiB][#0076df 1.4GiB/3.6GiB(38%)][#e161cc 1.4GiB/2.8GiB(50%)]
[DL:1.1MiB][#0076df 1.4GiB/3.6GiB(38%)][#e161cc 1.4GiB/2.8GiB(50%)]
[DL:1.1MiB][#0076df 1.4GiB/3.6GiB(38%)][#e161cc 1.4GiB/2.8GiB(50%)]
[DL:0.9MiB][#0076df 1.4GiB/3.6GiB(38%)][#e161cc 1.4GiB/2.8GiB(50%)]
[DL:1.1MiB][#0076df 1.4GiB/3.6GiB(38%)][#e161cc 1.4GiB/2.8GiB(50%)]
[DL:0.9MiB][#0076df 1.4GiB/3.6GiB(38%)][#e161cc 1.4GiB/2.8GiB(50%)]
[DL:1.1MiB][#0076df 1.4GiB/3.6GiB(38%)][#e161cc 1.4GiB/2.8GiB(50%)]
[DL:1.1MiB][#0076df 1.4GiB/3.6GiB(38%)][#e161cc 1.4GiB/2.8GiB(50%)]
[DL:1.2MiB][#0076df 1.4GiB/3.6GiB(39%)][#e161cc 1.4GiB/2.8GiB(50%)]
[DL:1.2MiB][#0076df 1.4GiB/3.6GiB(39%)][#e161cc 1.4GiB/2.8GiB(50%)]
[DL:1.2MiB][#0076df 1.4GiB/3.6GiB(39%)][#e161cc 1.4GiB/2.8GiB(50%)]
[DL:1.1MiB][#0076df 1.4GiB/3.6GiB(39%)][#e161cc 1.4GiB/2.8GiB(50%)]
[DL:1.1MiB][#0076df 1.4GiB/3.6GiB(39%)][#e161cc 1.4GiB/2.8GiB(50%)]
[DL:0.9MiB][#0076df 1.4GiB/3.6GiB(39%)][#e161cc 1.4GiB/2.8GiB(50%)]
[DL:1.1MiB][#0076df 1.4GiB/3.6GiB(39%)][#e161cc 1.4GiB/2.8GiB(50%)]
[DL:0.9MiB][#0076df 1.4GiB/3.6GiB(39%)][#e161cc 1.4GiB/2.8GiB(50%)]
[DL:1.1MiB][#0076df 1.4GiB/3.6GiB(39%)][#e161cc 1.4GiB/2.8GiB(50%)]
[DL:1.1MiB][#0076df 1.4GiB/3.6GiB(39%)][#e161cc 1.4GiB/2.8GiB(50%)]
[DL:1.2MiB][#0076df 1.4GiB/3.6GiB(39%)][#e161cc 1.4GiB/2.8GiB(50%)]
[DL:1.2MiB][#0076df 1.4GiB/3.6GiB(39%)][#e161cc 1.4GiB/2.8GiB(50%)]
[DL:1.2MiB][#0076df 1.4GiB/3.6GiB(39%)][#e161cc 1.4GiB/2.8GiB(50%)]
[DL:1.1MiB][#0076df 1.4GiB/3.6GiB(39%)][#e161cc 1.4GiB/2.8GiB(50%)]
[DL:1.1MiB][#0076df 1.4GiB/3.6GiB(39%)][#e161cc 1.4GiB/2.8GiB(50%)]
[DL:0.9MiB][#0076df 1.4GiB/3.6GiB(39%)][#e161cc 1.4GiB/2.8GiB(50%)]
[DL:1.1MiB][#0076df 1.4GiB/3.6GiB(39%)][#e161cc 1.4GiB/2.8GiB(50%)]
[DL:0.9MiB][#0076df 1.4GiB/3.6GiB(39%)][#e161cc 1.4GiB/2.8GiB(50%)]
[DL:1.1MiB][#0076df 1.4GiB/3.6GiB(39%)][#e161cc 1.4GiB/2.8GiB(50%)]
[DL:1.1MiB][#0076df 1.4GiB/3.6GiB(39%)][#e161cc 1.4GiB/2.8GiB(50%)]
[DL:1.2MiB][#0076df 1.4GiB/3.6GiB(39%)][#e161cc 1.4GiB/2.8GiB(50%)]
[DL:1.2MiB][#0076df 1.4GiB/3.6GiB(39%)][#e161cc 1.4GiB/2.8GiB(50%)]
[DL:1.2MiB][#0076df 1.4GiB/3.6GiB(39%)][#e161cc 1.4GiB/2.8GiB(50%)]
[DL:1.1MiB][#0076df 1.4GiB/3.6GiB(39%)][#e161cc 1.4GiB/2.8GiB(50%)]
[DL:1.1MiB][#0076df 1.4GiB/3.6GiB(39%)][#e161cc 1.4GiB/2.8GiB(50%)]
[DL:0.9MiB][#0076df 1.4GiB/3.6GiB(39%)][#e161cc 1.4GiB/2.8GiB(50%)]
[DL:1.1MiB][#0076df 1.4GiB/3.6GiB(39%)][#e161cc 1.4GiB/2.8GiB(50%)]
[DL:0.9MiB][#0076df 1.4GiB/3.6GiB(39%)][#e161cc 1.4GiB/2.8GiB(50%)]
[DL:1.1MiB][#0076df 1.4GiB/3.6GiB(39%)][#e161cc 1.4GiB/2.8GiB(50%)]
[DL:1.1MiB][#0076df 1.4GiB/3.6GiB(39%)][#e161cc 1.4GiB/2.8GiB(50%)]
[DL:1.2MiB][#0076df 1.4GiB/3.6GiB(39%)][#e161cc 1.4GiB/2.8GiB(50%)]
[DL:1.2MiB][#0076df 1.4GiB/3.6GiB(39%)][#e161cc 1.4GiB/2.8GiB(50%)]
[DL:1.2MiB][#0076df 1.4GiB/3.6GiB(39%)][#e161cc 1.4GiB/2.8GiB(50%)]
[DL:1.1MiB][#0076df 1.4GiB/3.6GiB(39%)][#e161cc 1.4GiB/2.8GiB(50%)]
[DL:1.1MiB][#0076df 1.4GiB/3.6GiB(39%)][#e161cc 1.4GiB/2.8GiB(50%)]
[DL:0.9MiB][#0076df 1.4GiB/3.6GiB(39%)][#e161cc 1.4GiB/2.8GiB(50%)]
[DL:1.1MiB][#0076df 1.4GiB/3.6GiB(39%)][#e161cc 1.4GiB/2.8GiB(50%)]
[DL:0.9MiB][#0076df 1.4GiB/3.6GiB(39%)][#e161cc 1.4GiB/2.8GiB(51%)]
[DL:1.1MiB][#0076df 1.4GiB/3.6GiB(39%)][#e161cc 1.4GiB/2.8GiB(51%)]
[DL:1.1MiB][#0076df 1.4GiB/3.6GiB(39%)][#e161cc 1.4GiB/2.8GiB(51%)]
[DL:1.2MiB][#0076df 1.4GiB/3.6GiB(39%)][#e161cc 1.4GiB/2.8GiB(51%)]
[DL:1.2MiB][#0076df 1.4GiB/3.6GiB(39%)][#e161cc 1.4GiB/2.8GiB(51%)]
[DL:1.2MiB][#0076df 1.4GiB/3.6GiB(39%)][#e161cc 1.4GiB/2.8GiB(51%)]
[DL:1.1MiB][#0076df 1.4GiB/3.6GiB(39%)][#e161cc 1.4GiB/2.8GiB(51%)]
[DL:1.1MiB][#0076df 1.4GiB/3.6GiB(39%)][#e161cc 1.4GiB/2.8GiB(51%)]
[DL:0.9MiB][#0076df 1.4GiB/3.6GiB(39%)][#e161cc 1.4GiB/2.8GiB(51%)]
[DL:1.1MiB][#0076df 1.4GiB/3.6GiB(39%)][#e161cc 1.4GiB/2.8GiB(51%)]
[DL:0.9MiB][#0076df 1.4GiB/3.6GiB(39%)][#e161cc 1.4GiB/2.8GiB(51%)]
[DL:1.1MiB][#0076df 1.4GiB/3.6GiB(39%)][#e161cc 1.4GiB/2.8GiB(51%)]
[DL:1.1MiB][#0076df 1.4GiB/3.6GiB(39%)][#e161cc 1.4GiB/2.8GiB(51%)]
[DL:1.2MiB][#0076df 1.4GiB/3.6GiB(39%)][#e161cc 1.4GiB/2.8GiB(51%)]
[DL:1.2MiB][#0076df 1.4GiB/3.6GiB(39%)][#e161cc 1.4GiB/2.8GiB(51%)]
[DL:1.2MiB][#0076df 1.4GiB/3.6GiB(39%)][#e161cc 1.4GiB/2.8GiB(51%)]
[DL:1.1MiB][#0076df 1.4GiB/3.6GiB(39%)][#e161cc 1.4GiB/2.8GiB(51%)]
[DL:1.1MiB][#0076df 1.4GiB/3.6GiB(39%)][#e161cc 1.4GiB/2.8GiB(51%)]
[DL:0.9MiB][#0076df 1.4GiB/3.6GiB(39%)][#e161cc 1.4GiB/2.8GiB(51%)]
[DL:1.1MiB][#0076df 1.4GiB/3.6GiB(39%)][#e161cc 1.4GiB/2.8GiB(51%)]
[DL:0.9MiB][#0076df 1.4GiB/3.6GiB(39%)][#e161cc 1.4GiB/2.8GiB(51%)]
[DL:1.1MiB][#0076df 1.4GiB/3.6GiB(39%)][#e161cc 1.4GiB/2.8GiB(51%)]
[DL:1.1MiB][#0076df 1.4GiB/3.6GiB(39%)][#e161cc 1.4GiB/2.8GiB(51%)]
[DL:1.2MiB][#0076df 1.4GiB/3.6GiB(39%)][#e161cc 1.4GiB/2.8GiB(51%)]
 *** Download Progress Summary as of Sat Aug 15 23:18:02 2026 *** 
===============================================================================
[#0076df 1.4GiB/3.6GiB(39%) CN:1 DL:654KiB ETA:59m13s]
FILE: /srv/modelstripe/qwen/Qwen3.8-27B/6026d6bb4baa574f54205e2894816127bcf444bb4f727aa76a4fd3c90e810140
-------------------------------------------------------------------------------
[#e161cc 1.4GiB/2.8GiB(51%) CN:1 DL:721KiB ETA:33m17s]
FILE: /srv/modelstripe/qwen/Qwen3.8-27B/9c56e976ca79eb9ff5c91e64f51cdefb5f6b2651c96d8569df49033f79642d78
-------------------------------------------------------------------------------

[DL:1.2MiB][#0076df 1.4GiB/3.6GiB(39%)][#e161cc 1.4GiB/2.8GiB(51%)]
[DL:1.2MiB][#0076df 1.4GiB/3.6GiB(39%)][#e161cc 1.4GiB/2.8GiB(51%)]
[DL:1.1MiB][#0076df 1.4GiB/3.6GiB(39%)][#e161cc 1.4GiB/2.8GiB(51%)]
[DL:1.1MiB][#0076df 1.4GiB/3.6GiB(39%)][#e161cc 1.4GiB/2.8GiB(51%)]
[DL:0.9MiB][#0076df 1.4GiB/3.6GiB(39%)][#e161cc 1.4GiB/2.8GiB(51%)]
[DL:1.1MiB][#0076df 1.4GiB/3.6GiB(40%)][#e161cc 1.4GiB/2.8GiB(51%)]
[DL:0.9MiB][#0076df 1.4GiB/3.6GiB(40%)][#e161cc 1.4GiB/2.8GiB(51%)]
[DL:1.1MiB][#0076df 1.4GiB/3.6GiB(40%)][#e161cc 1.4GiB/2.8GiB(51%)]
[DL:1.1MiB][#0076df 1.4GiB/3.6GiB(40%)][#e161cc 1.4GiB/2.8GiB(51%)]
[DL:1.2MiB][#0076df 1.4GiB/3.6GiB(40%)][#e161cc 1.4GiB/2.8GiB(51%)]
[DL:1.2MiB][#0076df 1.4GiB/3.6GiB(40%)][#e161cc 1.4GiB/2.8GiB(51%)]
[DL:1.2MiB][#0076df 1.4GiB/3.6GiB(40%)][#e161cc 1.4GiB/2.8GiB(51%)]
[DL:1.1MiB][#0076df 1.4GiB/3.6GiB(40%)][#e161cc 1.4GiB/2.8GiB(51%)]
[DL:1.1MiB][#0076df 1.4GiB/3.6GiB(40%)][#e161cc 1.4GiB/2.8GiB(51%)]
[DL:0.9MiB][#0076df 1.4GiB/3.6GiB(40%)][#e161cc 1.4GiB/2.8GiB(51%)]
[DL:1.1MiB][#0076df 1.4GiB/3.6GiB(40%)][#e161cc 1.4GiB/2.8GiB(51%)]
[DL:0.9MiB][#0076df 1.4GiB/3.6GiB(40%)][#e161cc 1.4GiB/2.8GiB(51%)]
[DL:1.1MiB][#0076df 1.4GiB/3.6GiB(40%)][#e161cc 1.4GiB/2.8GiB(51%)]
[DL:1.2MiB][#0076df 1.4GiB/3.6GiB(40%)][#e161cc 1.4GiB/2.8GiB(51%)]
[DL:1.1MiB][#0076df 1.4GiB/3.6GiB(40%)][#e161cc 1.4GiB/2.8GiB(51%)]
[DL:1.2MiB][#0076df 1.4GiB/3.6GiB(40%)][#e161cc 1.4GiB/2.8GiB(51%)]
[DL:1.2MiB][#0076df 1.4GiB/3.6GiB(40%)][#e161cc 1.4GiB/2.8GiB(51%)]
[DL:1.1MiB][#0076df 1.4GiB/3.6GiB(40%)][#e161cc 1.4GiB/2.8GiB(51%)]
[DL:1.1MiB][#0076df 1.4GiB/3.6GiB(40%)][#e161cc 1.4GiB/2.8GiB(51%)]
[DL:0.9MiB][#0076df 1.4GiB/3.6GiB(40%)][#e161cc 1.4GiB/2.8GiB(51%)]
[DL:1.1MiB][#0076df 1.4GiB/3.6GiB(40%)][#e161cc 1.4GiB/2.8GiB(51%)]
[DL:0.9MiB][#0076df 1.4GiB/3.6GiB(40%)][#e161cc 1.4GiB/2.8GiB(52%)]
[DL:1.3MiB][#0076df 1.4GiB/3.6GiB(40%)][#e161cc 1.4GiB/2.8GiB(52%)]
[DL:1.1MiB][#0076df 1.4GiB/3.6GiB(40%)][#e161cc 1.4GiB/2.8GiB(52%)]
[DL:1.1MiB][#0076df 1.4GiB/3.6GiB(40%)][#e161cc 1.4GiB/2.8GiB(52%)]
[DL:1.2MiB][#0076df 1.4GiB/3.6GiB(40%)][#e161cc 1.4GiB/2.8GiB(52%)]
[DL:1.2MiB][#0076df 1.4GiB/3.6GiB(40%)][#e161cc 1.4GiB/2.8GiB(52%)]
[DL:1.1MiB][#0076df 1.4GiB/3.6GiB(40%)][#e161cc 1.4GiB/2.8GiB(52%)]
[DL:1.1MiB][#0076df 1.4GiB/3.6GiB(40%)][#e161cc 1.4GiB/2.8GiB(52%)]
[DL:0.9MiB][#0076df 1.4GiB/3.6GiB(40%)][#e161cc 1.4GiB/2.8GiB(52%)]
[DL:1.1MiB][#0076df 1.4GiB/3.6GiB(40%)][#e161cc 1.4GiB/2.8GiB(52%)]
[DL:1.0MiB][#0076df 1.4GiB/3.6GiB(40%)][#e161cc 1.4GiB/2.8GiB(52%)]
[DL:1.1MiB][#0076df 1.4GiB/3.6GiB(40%)][#e161cc 1.4GiB/2.8GiB(52%)]
[DL:1.1MiB][#0076df 1.4GiB/3.6GiB(40%)][#e161cc 1.4GiB/2.8GiB(52%)]
[DL:1.1MiB][#0076df 1.4GiB/3.6GiB(40%)][#e161cc 1.4GiB/2.8GiB(52%)]
[DL:1.2MiB][#0076df 1.4GiB/3.6GiB(40%)][#e161cc 1.4GiB/2.8GiB(52%)]
[DL:1.2MiB][#0076df 1.4GiB/3.6GiB(40%)][#e161cc 1.4GiB/2.8GiB(52%)]
[DL:1.1MiB][#0076df 1.4GiB/3.6GiB(40%)][#e161cc 1.4GiB/2.8GiB(52%)]
[DL:1.1MiB][#0076df 1.4GiB/3.6GiB(40%)][#e161cc 1.4GiB/2.8GiB(52%)]
[DL:0.9MiB][#0076df 1.4GiB/3.6GiB(40%)][#e161cc 1.4GiB/2.8GiB(52%)]
[DL:1.1MiB][#0076df 1.5GiB/3.6GiB(40%)][#e161cc 1.4GiB/2.8GiB(52%)]
[DL:1.0MiB][#0076df 1.5GiB/3.6GiB(40%)][#e161cc 1.4GiB/2.8GiB(52%)]
[DL:1.1MiB][#0076df 1.5GiB/3.6GiB(40%)][#e161cc 1.4GiB/2.8GiB(52%)]
[DL:1.1MiB][#0076df 1.5GiB/3.6GiB(40%)][#e161cc 1.4GiB/2.8GiB(52%)]
[DL:1.1MiB][#0076df 1.5GiB/3.6GiB(40%)][#e161cc 1.4GiB/2.8GiB(52%)]
[DL:1.2MiB][#0076df 1.5GiB/3.6GiB(40%)][#e161cc 1.4GiB/2.8GiB(52%)]
[DL:1.2MiB][#0076df 1.5GiB/3.6GiB(40%)][#e161cc 1.4GiB/2.8GiB(52%)]
[DL:1.1MiB][#0076df 1.5GiB/3.6GiB(40%)][#e161cc 1.4GiB/2.8GiB(52%)]
[DL:1.1MiB][#0076df 1.5GiB/3.6GiB(40%)][#e161cc 1.4GiB/2.8GiB(52%)]
[DL:0.9MiB][#0076df 1.5GiB/3.6GiB(40%)][#e161cc 1.4GiB/2.8GiB(52%)]
[DL:1.1MiB][#0076df 1.5GiB/3.6GiB(40%)][#e161cc 1.4GiB/2.8GiB(52%)]
[DL:1.0MiB][#0076df 1.5GiB/3.6GiB(40%)][#e161cc 1.4GiB/2.8GiB(52%)]
[DL:1.1MiB][#0076df 1.5GiB/3.6GiB(40%)][#e161cc 1.4GiB/2.8GiB(52%)]
[DL:1.1MiB][#0076df 1.5GiB/3.6GiB(40%)][#e161cc 1.4GiB/2.8GiB(52%)]
[DL:1.1MiB][#0076df 1.5GiB/3.6GiB(40%)][#e161cc 1.4GiB/2.8GiB(52%)]
[DL:1.2MiB][#0076df 1.5GiB/3.6GiB(40%)][#e161cc 1.4GiB/2.8GiB(52%)]
[DL:1.2MiB][#0076df 1.5GiB/3.6GiB(40%)][#e161cc 1.4GiB/2.8GiB(52%)]
[DL:1.1MiB][#0076df 1.5GiB/3.6GiB(40%)][#e161cc 1.4GiB/2.8GiB(52%)]
[DL:1.1MiB][#0076df 1.5GiB/3.6GiB(40%)][#e161cc 1.4GiB/2.8GiB(52%)]
[DL:0.9MiB][#0076df 1.5GiB/3.6GiB(40%)][#e161cc 1.4GiB/2.8GiB(52%)]
[DL:1.1MiB][#0076df 1.5GiB/3.6GiB(40%)][#e161cc 1.4GiB/2.8GiB(52%)]
[DL:1.0MiB][#0076df 1.5GiB/3.6GiB(40%)][#e161cc 1.4GiB/2.8GiB(52%)]
[DL:1.1MiB][#0076df 1.5GiB/3.6GiB(40%)][#e161cc 1.4GiB/2.8GiB(52%)]
[DL:1.1MiB][#0076df 1.5GiB/3.6GiB(40%)][#e161cc 1.4GiB/2.8GiB(52%)]
[DL:1.1MiB][#0076df 1.5GiB/3.6GiB(41%)][#e161cc 1.4GiB/2.8GiB(52%)]
[DL:1.2MiB][#0076df 1.5GiB/3.6GiB(41%)][#e161cc 1.4GiB/2.8GiB(52%)]
[DL:1.2MiB][#0076df 1.5GiB/3.6GiB(41%)][#e161cc 1.4GiB/2.8GiB(52%)]
[DL:1.1MiB][#0076df 1.5GiB/3.6GiB(41%)][#e161cc 1.4GiB/2.8GiB(52%)]
[DL:1.1MiB][#0076df 1.5GiB/3.6GiB(41%)][#e161cc 1.4GiB/2.8GiB(52%)]
[DL:0.9MiB][#0076df 1.5GiB/3.6GiB(41%)][#e161cc 1.5GiB/2.8GiB(52%)]
[DL:1.1MiB][#0076df 1.5GiB/3.6GiB(41%)][#e161cc 1.5GiB/2.8GiB(52%)]
[DL:1.0MiB][#0076df 1.5GiB/3.6GiB(41%)][#e161cc 1.5GiB/2.8GiB(52%)]
[DL:1.1MiB][#0076df 1.5GiB/3.6GiB(41%)][#e161cc 1.5GiB/2.8GiB(53%)]
[DL:1.1MiB][#0076df 1.5GiB/3.6GiB(41%)][#e161cc 1.5GiB/2.8GiB(53%)]
[DL:1.1MiB][#0076df 1.5GiB/3.6GiB(41%)][#e161cc 1.5GiB/2.8GiB(53%)]
[DL:1.2MiB][#0076df 1.5GiB/3.6GiB(41%)][#e161cc 1.5GiB/2.8GiB(53%)]
[DL:1.2MiB][#0076df 1.5GiB/3.6GiB(41%)][#e161cc 1.5GiB/2.8GiB(53%)]
[DL:1.1MiB][#0076df 1.5GiB/3.6GiB(41%)][#e161cc 1.5GiB/2.8GiB(53%)]
[DL:1.1MiB][#0076df 1.5GiB/3.6GiB(41%)][#e161cc 1.5GiB/2.8GiB(53%)]
[DL:0.9MiB][#0076df 1.5GiB/3.6GiB(41%)][#e161cc 1.5GiB/2.8GiB(53%)]
[DL:1.1MiB][#0076df 1.5GiB/3.6GiB(41%)][#e161cc 1.5GiB/2.8GiB(53%)]
[DL:1.1MiB][#0076df 1.5GiB/3.6GiB(41%)][#e161cc 1.5GiB/2.8GiB(53%)]
[DL:1.1MiB][#0076df 1.5GiB/3.6GiB(41%)][#e161cc 1.5GiB/2.8GiB(53%)]
[DL:1.1MiB][#0076df 1.5GiB/3.6GiB(41%)][#e161cc 1.5GiB/2.8GiB(53%)]
[DL:1.1MiB][#0076df 1.5GiB/3.6GiB(41%)][#e161cc 1.5GiB/2.8GiB(53%)]
[DL:1.2MiB][#0076df 1.5GiB/3.6GiB(41%)][#e161cc 1.5GiB/2.8GiB(53%)]
[DL:1.2MiB][#0076df 1.5GiB/3.6GiB(41%)][#e161cc 1.5GiB/2.8GiB(53%)]
[DL:1.1MiB][#0076df 1.5GiB/3.6GiB(41%)][#e161cc 1.5GiB/2.8GiB(53%)]
[DL:1.1MiB][#0076df 1.5GiB/3.6GiB(41%)][#e161cc 1.5GiB/2.8GiB(53%)]
[DL:1.0MiB][#0076df 1.5GiB/3.6GiB(41%)][#e161cc 1.5GiB/2.8GiB(53%)]
[DL:1.1MiB][#0076df 1.5GiB/3.6GiB(41%)][#e161cc 1.5GiB/2.8GiB(53%)]
[DL:1.1MiB][#0076df 1.5GiB/3.6GiB(41%)][#e161cc 1.5GiB/2.8GiB(53%)]
[DL:1.1MiB][#0076df 1.5GiB/3.6GiB(41%)][#e161cc 1.5GiB/2.8GiB(53%)]
[DL:1.1MiB][#0076df 1.5GiB/3.6GiB(41%)][#e161cc 1.5GiB/2.8GiB(53%)]
[DL:1.1MiB][#0076df 1.5GiB/3.6GiB(41%)][#e161cc 1.5GiB/2.8GiB(53%)]
[DL:1.2MiB][#0076df 1.5GiB/3.6GiB(41%)][#e161cc 1.5GiB/2.8GiB(53%)]
[DL:1.2MiB][#0076df 1.5GiB/3.6GiB(41%)][#e161cc 1.5GiB/2.8GiB(53%)]
[DL:1.1MiB][#0076df 1.5GiB/3.6GiB(41%)][#e161cc 1.5GiB/2.8GiB(53%)]
[DL:1.1MiB][#0076df 1.5GiB/3.6GiB(41%)][#e161cc 1.5GiB/2.8GiB(53%)]
[DL:0.9MiB][#0076df 1.5GiB/3.6GiB(41%)][#e161cc 1.5GiB/2.8GiB(53%)]
[DL:1.1MiB][#0076df 1.5GiB/3.6GiB(41%)][#e161cc 1.5GiB/2.8GiB(53%)]
[DL:1.1MiB][#0076df 1.5GiB/3.6GiB(41%)][#e161cc 1.5GiB/2.8GiB(53%)]
[DL:1.1MiB][#0076df 1.5GiB/3.6GiB(41%)][#e161cc 1.5GiB/2.8GiB(53%)]
[DL:1.1MiB][#0076df 1.5GiB/3.6GiB(41%)][#e161cc 1.5GiB/2.8GiB(53%)]
[DL:1.1MiB][#0076df 1.5GiB/3.6GiB(41%)][#e161cc 1.5GiB/2.8GiB(53%)]
[DL:1.2MiB][#0076df 1.5GiB/3.6GiB(41%)][#e161cc 1.5GiB/2.8GiB(53%)]
[DL:1.2MiB][#0076df 1.5GiB/3.6GiB(41%)][#e161cc 1.5GiB/2.8GiB(53%)]
[DL:1.1MiB][#0076df 1.5GiB/3.6GiB(41%)][#e161cc 1.5GiB/2.8GiB(53%)]
[DL:1.1MiB][#0076df 1.5GiB/3.6GiB(41%)][#e161cc 1.5GiB/2.8GiB(53%)]
[DL:1.0MiB][#0076df 1.5GiB/3.6GiB(41%)][#e161cc 1.5GiB/2.8GiB(53%)]
[DL:1.1MiB][#0076df 1.5GiB/3.6GiB(41%)][#e161cc 1.5GiB/2.8GiB(53%)]
[DL:1.1MiB][#0076df 1.5GiB/3.6GiB(41%)][#e161cc 1.5GiB/2.8GiB(53%)]
[DL:1.1MiB][#0076df 1.5GiB/3.6GiB(41%)][#e161cc 1.5GiB/2.8GiB(53%)]
[DL:1.1MiB][#0076df 1.5GiB/3.6GiB(41%)][#e161cc 1.5GiB/2.8GiB(53%)]
[DL:1.1MiB][#0076df 1.5GiB/3.6GiB(41%)][#e161cc 1.5GiB/2.8GiB(53%)]
[DL:1.2MiB][#0076df 1.5GiB/3.6GiB(41%)][#e161cc 1.5GiB/2.8GiB(53%)]
[DL:1.2MiB][#0076df 1.5GiB/3.6GiB(41%)][#e161cc 1.5GiB/2.8GiB(53%)]
[DL:1.1MiB][#0076df 1.5GiB/3.6GiB(41%)][#e161cc 1.5GiB/2.8GiB(53%)]
[DL:1.1MiB][#0076df 1.5GiB/3.6GiB(41%)][#e161cc 1.5GiB/2.8GiB(53%)]
[DL:0.9MiB][#0076df 1.5GiB/3.6GiB(41%)][#e161cc 1.5GiB/2.8GiB(53%)]
[DL:1.1MiB][#0076df 1.5GiB/3.6GiB(41%)][#e161cc 1.5GiB/2.8GiB(53%)]
[DL:1.1MiB][#0076df 1.5GiB/3.6GiB(41%)][#e161cc 1.5GiB/2.8GiB(53%)]
[DL:1.1MiB][#0076df 1.5GiB/3.6GiB(41%)][#e161cc 1.5GiB/2.8GiB(54%)]
[DL:1.1MiB][#0076df 1.5GiB/3.6GiB(41%)][#e161cc 1.5GiB/2.8GiB(54%)]
[DL:1.1MiB][#0076df 1.5GiB/3.6GiB(41%)][#e161cc 1.5GiB/2.8GiB(54%)]
[DL:1.2MiB][#0076df 1.5GiB/3.6GiB(41%)][#e161cc 1.5GiB/2.8GiB(54%)]
[DL:1.2MiB][#0076df 1.5GiB/3.6GiB(41%)][#e161cc 1.5GiB/2.8GiB(54%)]
[DL:1.1MiB][#0076df 1.5GiB/3.6GiB(41%)][#e161cc 1.5GiB/2.8GiB(54%)]
[DL:1.1MiB][#0076df 1.5GiB/3.6GiB(41%)][#e161cc 1.5GiB/2.8GiB(54%)]
[DL:0.9MiB][#0076df 1.5GiB/3.6GiB(41%)][#e161cc 1.5GiB/2.8GiB(54%)]
[DL:1.1MiB][#0076df 1.5GiB/3.6GiB(42%)][#e161cc 1.5GiB/2.8GiB(54%)]
[DL:1.1MiB][#0076df 1.5GiB/3.6GiB(42%)][#e161cc 1.5GiB/2.8GiB(54%)]
[DL:1.1MiB][#0076df 1.5GiB/3.6GiB(42%)][#e161cc 1.5GiB/2.8GiB(54%)]
[DL:1.1MiB][#0076df 1.5GiB/3.6GiB(42%)][#e161cc 1.5GiB/2.8GiB(54%)]
[DL:1.1MiB][#0076df 1.5GiB/3.6GiB(42%)][#e161cc 1.5GiB/2.8GiB(54%)]
[DL:1.2MiB][#0076df 1.5GiB/3.6GiB(42%)][#e161cc 1.5GiB/2.8GiB(54%)]
[DL:1.2MiB][#0076df 1.5GiB/3.6GiB(42%)][#e161cc 1.5GiB/2.8GiB(54%)]
[DL:1.1MiB][#0076df 1.5GiB/3.6GiB(42%)][#e161cc 1.5GiB/2.8GiB(54%)]
[DL:1.1MiB][#0076df 1.5GiB/3.6GiB(42%)][#e161cc 1.5GiB/2.8GiB(54%)]
[DL:0.9MiB][#0076df 1.5GiB/3.6GiB(42%)][#e161cc 1.5GiB/2.8GiB(54%)]
[DL:1.1MiB][#0076df 1.5GiB/3.6GiB(42%)][#e161cc 1.5GiB/2.8GiB(54%)]
[DL:1.1MiB][#0076df 1.5GiB/3.6GiB(42%)][#e161cc 1.5GiB/2.8GiB(54%)]
[DL:1.1MiB][#0076df 1.5GiB/3.6GiB(42%)][#e161cc 1.5GiB/2.8GiB(54%)]
[DL:1.1MiB][#0076df 1.5GiB/3.6GiB(42%)][#e161cc 1.5GiB/2.8GiB(54%)]
[DL:1.1MiB][#0076df 1.5GiB/3.6GiB(42%)][#e161cc 1.5GiB/2.8GiB(54%)]
[DL:1.2MiB][#0076df 1.5GiB/3.6GiB(42%)][#e161cc 1.5GiB/2.8GiB(54%)]
[DL:1.2MiB][#0076df 1.5GiB/3.6GiB(42%)][#e161cc 1.5GiB/2.8GiB(54%)]
[DL:1.1MiB][#0076df 1.5GiB/3.6GiB(42%)][#e161cc 1.5GiB/2.8GiB(54%)]
[DL:1.1MiB][#0076df 1.5GiB/3.6GiB(42%)][#e161cc 1.5GiB/2.8GiB(54%)]
[DL:0.9MiB][#0076df 1.5GiB/3.6GiB(42%)][#e161cc 1.5GiB/2.8GiB(54%)]
[DL:1.1MiB][#0076df 1.5GiB/3.6GiB(42%)][#e161cc 1.5GiB/2.8GiB(54%)]
[DL:1.1MiB][#0076df 1.5GiB/3.6GiB(42%)][#e161cc 1.5GiB/2.8GiB(54%)]
[DL:1.1MiB][#0076df 1.5GiB/3.6GiB(42%)][#e161cc 1.5GiB/2.8GiB(54%)]
[DL:1.1MiB][#0076df 1.5GiB/3.6GiB(42%)][#e161cc 1.5GiB/2.8GiB(54%)]
[DL:1.1MiB][#0076df 1.5GiB/3.6GiB(42%)][#e161cc 1.5GiB/2.8GiB(54%)]
[DL:1.2MiB][#0076df 1.5GiB/3.6GiB(42%)][#e161cc 1.5GiB/2.8GiB(54%)]
[DL:1.2MiB][#0076df 1.5GiB/3.6GiB(42%)][#e161cc 1.5GiB/2.8GiB(54%)]
[DL:1.1MiB][#0076df 1.5GiB/3.6GiB(42%)][#e161cc 1.5GiB/2.8GiB(54%)]
[DL:1.1MiB][#0076df 1.5GiB/3.6GiB(42%)][#e161cc 1.5GiB/2.8GiB(54%)]
[DL:0.9MiB][#0076df 1.5GiB/3.6GiB(42%)][#e161cc 1.5GiB/2.8GiB(54%)]
[DL:1.1MiB][#0076df 1.5GiB/3.6GiB(42%)][#e161cc 1.5GiB/2.8GiB(54%)]
[DL:1.1MiB][#0076df 1.5GiB/3.6GiB(42%)][#e161cc 1.5GiB/2.8GiB(54%)]
[DL:1.1MiB][#0076df 1.5GiB/3.6GiB(42%)][#e161cc 1.5GiB/2.8GiB(54%)]
[DL:1.1MiB][#0076df 1.5GiB/3.6GiB(42%)][#e161cc 1.5GiB/2.8GiB(54%)]
[DL:1.1MiB][#0076df 1.5GiB/3.6GiB(42%)][#e161cc 1.5GiB/2.8GiB(54%)]
[DL:1.4MiB][#0076df 1.5GiB/3.6GiB(42%)][#e161cc 1.5GiB/2.8GiB(54%)]
[DL:1.2MiB][#0076df 1.5GiB/3.6GiB(42%)][#e161cc 1.5GiB/2.8GiB(54%)]
[DL:1.1MiB][#0076df 1.5GiB/3.6GiB(42%)][#e161cc 1.5GiB/2.8GiB(54%)]
[DL:1.1MiB][#0076df 1.5GiB/3.6GiB(42%)][#e161cc 1.5GiB/2.8GiB(54%)]
[DL:0.9MiB][#0076df 1.5GiB/3.6GiB(42%)][#e161cc 1.5GiB/2.8GiB(54%)]
[DL:1.1MiB][#0076df 1.5GiB/3.6GiB(42%)][#e161cc 1.5GiB/2.8GiB(54%)]
[DL:1.0MiB][#0076df 1.5GiB/3.6GiB(42%)][#e161cc 1.5GiB/2.8GiB(54%)]
[DL:1.1MiB][#0076df 1.5GiB/3.6GiB(42%)][#e161cc 1.5GiB/2.8GiB(55%)]
[DL:1.1MiB][#0076df 1.5GiB/3.6GiB(42%)][#e161cc 1.5GiB/2.8GiB(55%)]
[DL:1.2MiB][#0076df 1.5GiB/3.6GiB(42%)][#e161cc 1.5GiB/2.8GiB(55%)]
[DL:1.1MiB][#0076df 1.5GiB/3.6GiB(42%)][#e161cc 1.5GiB/2.8GiB(55%)]
[DL:1.2MiB][#0076df 1.5GiB/3.6GiB(42%)][#e161cc 1.5GiB/2.8GiB(55%)]
[DL:1.1MiB][#0076df 1.5GiB/3.6GiB(42%)][#e161cc 1.5GiB/2.8GiB(55%)]
[DL:1.1MiB][#0076df 1.5GiB/3.6GiB(42%)][#e161cc 1.5GiB/2.8GiB(55%)]
[DL:0.9MiB][#0076df 1.5GiB/3.6GiB(42%)][#e161cc 1.5GiB/2.8GiB(55%)]
[DL:1.1MiB][#0076df 1.5GiB/3.6GiB(42%)][#e161cc 1.5GiB/2.8GiB(55%)]
[DL:1.1MiB][#0076df 1.5GiB/3.6GiB(42%)][#e161cc 1.5GiB/2.8GiB(55%)]
[DL:1.1MiB][#0076df 1.5GiB/3.6GiB(42%)][#e161cc 1.5GiB/2.8GiB(55%)]
[DL:1.3MiB][#0076df 1.5GiB/3.6GiB(42%)][#e161cc 1.5GiB/2.8GiB(55%)]
[DL:1.1MiB][#0076df 1.5GiB/3.6GiB(42%)][#e161cc 1.5GiB/2.8GiB(55%)]
[DL:1.1MiB][#0076df 1.5GiB/3.6GiB(42%)][#e161cc 1.5GiB/2.8GiB(55%)]
[DL:1.2MiB][#0076df 1.5GiB/3.6GiB(42%)][#e161cc 1.5GiB/2.8GiB(55%)]
[DL:1.1MiB][#0076df 1.5GiB/3.6GiB(42%)][#e161cc 1.5GiB/2.8GiB(55%)]
[DL:1.1MiB][#0076df 1.5GiB/3.6GiB(42%)][#e161cc 1.5GiB/2.8GiB(55%)]
[DL:0.9MiB][#0076df 1.5GiB/3.6GiB(42%)][#e161cc 1.5GiB/2.8GiB(55%)]
[DL:1.1MiB][#0076df 1.5GiB/3.6GiB(42%)][#e161cc 1.5GiB/2.8GiB(55%)]
[DL:1.1MiB][#0076df 1.5GiB/3.6GiB(42%)][#e161cc 1.5GiB/2.8GiB(55%)]
[DL:1.2MiB][#0076df 1.5GiB/3.6GiB(42%)][#e161cc 1.5GiB/2.8GiB(55%)]
[DL:1.1MiB][#0076df 1.5GiB/3.6GiB(42%)][#e161cc 1.5GiB/2.8GiB(55%)]
[DL:1.1MiB][#0076df 1.5GiB/3.6GiB(43%)][#e161cc 1.5GiB/2.8GiB(55%)]
[DL:1.1MiB][#0076df 1.5GiB/3.6GiB(43%)][#e161cc 1.5GiB/2.8GiB(55%)]
[DL:1.2MiB][#0076df 1.5GiB/3.6GiB(43%)][#e161cc 1.5GiB/2.8GiB(55%)]
[DL:1.1MiB][#0076df 1.5GiB/3.6GiB(43%)][#e161cc 1.5GiB/2.8GiB(55%)]
[DL:1.1MiB][#0076df 1.5GiB/3.6GiB(43%)][#e161cc 1.5GiB/2.8GiB(55%)]
[DL:0.9MiB][#0076df 1.5GiB/3.6GiB(43%)][#e161cc 1.5GiB/2.8GiB(55%)]
[DL:1.1MiB][#0076df 1.5GiB/3.6GiB(43%)][#e161cc 1.5GiB/2.8GiB(55%)]
[DL:1.1MiB][#0076df 1.5GiB/3.6GiB(43%)][#e161cc 1.5GiB/2.8GiB(55%)]
[DL:1.2MiB][#0076df 1.5GiB/3.6GiB(43%)][#e161cc 1.5GiB/2.8GiB(55%)]
[DL:1.1MiB][#0076df 1.5GiB/3.6GiB(43%)][#e161cc 1.5GiB/2.8GiB(55%)]
[DL:1.1MiB][#0076df 1.5GiB/3.6GiB(43%)][#e161cc 1.5GiB/2.8GiB(55%)]
[DL:1.1MiB][#0076df 1.5GiB/3.6GiB(43%)][#e161cc 1.5GiB/2.8GiB(55%)]
[DL:1.2MiB][#0076df 1.5GiB/3.6GiB(43%)][#e161cc 1.5GiB/2.8GiB(55%)]
[DL:1.1MiB][#0076df 1.5GiB/3.6GiB(43%)][#e161cc 1.5GiB/2.8GiB(55%)]
[DL:1.1MiB][#0076df 1.5GiB/3.6GiB(43%)][#e161cc 1.5GiB/2.8GiB(55%)]
[DL:0.9MiB][#0076df 1.5GiB/3.6GiB(43%)][#e161cc 1.5GiB/2.8GiB(55%)]
[DL:1.1MiB][#0076df 1.5GiB/3.6GiB(43%)][#e161cc 1.5GiB/2.8GiB(55%)]
[DL:1.1MiB][#0076df 1.5GiB/3.6GiB(43%)][#e161cc 1.5GiB/2.8GiB(55%)]
[DL:1.2MiB][#0076df 1.5GiB/3.6GiB(43%)][#e161cc 1.5GiB/2.8GiB(55%)]
[DL:1.1MiB][#0076df 1.5GiB/3.6GiB(43%)][#e161cc 1.5GiB/2.8GiB(55%)]
[DL:1.1MiB][#0076df 1.5GiB/3.6GiB(43%)][#e161cc 1.5GiB/2.8GiB(55%)]
[DL:1.1MiB][#0076df 1.6GiB/3.6GiB(43%)][#e161cc 1.5GiB/2.8GiB(55%)]
[DL:1.2MiB][#0076df 1.6GiB/3.6GiB(43%)][#e161cc 1.5GiB/2.8GiB(55%)]
[DL:1.1MiB][#0076df 1.6GiB/3.6GiB(43%)][#e161cc 1.5GiB/2.8GiB(55%)]
[DL:1.1MiB][#0076df 1.6GiB/3.6GiB(43%)][#e161cc 1.5GiB/2.8GiB(55%)]
[DL:0.9MiB][#0076df 1.6GiB/3.6GiB(43%)][#e161cc 1.5GiB/2.8GiB(55%)]
[DL:1.1MiB][#0076df 1.6GiB/3.6GiB(43%)][#e161cc 1.5GiB/2.8GiB(55%)]
[DL:1.1MiB][#0076df 1.6GiB/3.6GiB(43%)][#e161cc 1.5GiB/2.8GiB(55%)]
[DL:1.2MiB][#0076df 1.6GiB/3.6GiB(43%)][#e161cc 1.5GiB/2.8GiB(55%)]
[DL:1.1MiB][#0076df 1.6GiB/3.6GiB(43%)][#e161cc 1.5GiB/2.8GiB(55%)]
[DL:1.1MiB][#0076df 1.6GiB/3.6GiB(43%)][#e161cc 1.5GiB/2.8GiB(56%)]
[DL:1.1MiB][#0076df 1.6GiB/3.6GiB(43%)][#e161cc 1.5GiB/2.8GiB(56%)]
[DL:1.2MiB][#0076df 1.6GiB/3.6GiB(43%)][#e161cc 1.5GiB/2.8GiB(56%)]
[DL:1.1MiB][#0076df 1.6GiB/3.6GiB(43%)][#e161cc 1.5GiB/2.8GiB(56%)]
[DL:1.1MiB][#0076df 1.6GiB/3.6GiB(43%)][#e161cc 1.5GiB/2.8GiB(56%)]
[DL:0.9MiB][#0076df 1.6GiB/3.6GiB(43%)][#e161cc 1.5GiB/2.8GiB(56%)]
[DL:1.1MiB][#0076df 1.6GiB/3.6GiB(43%)][#e161cc 1.5GiB/2.8GiB(56%)]
[DL:1.1MiB][#0076df 1.6GiB/3.6GiB(43%)][#e161cc 1.5GiB/2.8GiB(56%)]
[DL:1.2MiB][#0076df 1.6GiB/3.6GiB(43%)][#e161cc 1.5GiB/2.8GiB(56%)]
[DL:1.1MiB][#0076df 1.6GiB/3.6GiB(43%)][#e161cc 1.5GiB/2.8GiB(56%)]
[DL:1.1MiB][#0076df 1.6GiB/3.6GiB(43%)][#e161cc 1.5GiB/2.8GiB(56%)]
[DL:1.1MiB][#0076df 1.6GiB/3.6GiB(43%)][#e161cc 1.5GiB/2.8GiB(56%)]
[DL:1.2MiB][#0076df 1.6GiB/3.6GiB(43%)][#e161cc 1.5GiB/2.8GiB(56%)]
[DL:1.1MiB][#0076df 1.6GiB/3.6GiB(43%)][#e161cc 1.5GiB/2.8GiB(56%)]
[DL:1.1MiB][#0076df 1.6GiB/3.6GiB(43%)][#e161cc 1.5GiB/2.8GiB(56%)]
[DL:0.9MiB][#0076df 1.6GiB/3.6GiB(43%)][#e161cc 1.5GiB/2.8GiB(56%)]
[DL:1.1MiB][#0076df 1.6GiB/3.6GiB(43%)][#e161cc 1.5GiB/2.8GiB(56%)]
[DL:1.1MiB][#0076df 1.6GiB/3.6GiB(43%)][#e161cc 1.5GiB/2.8GiB(56%)]
[DL:1.2MiB][#0076df 1.6GiB/3.6GiB(43%)][#e161cc 1.5GiB/2.8GiB(56%)]
[DL:1.1MiB][#0076df 1.6GiB/3.6GiB(43%)][#e161cc 1.5GiB/2.8GiB(56%)]
[DL:1.1MiB][#0076df 1.6GiB/3.6GiB(43%)][#e161cc 1.5GiB/2.8GiB(56%)]
[DL:1.1MiB][#0076df 1.6GiB/3.6GiB(43%)][#e161cc 1.5GiB/2.8GiB(56%)]
[DL:1.2MiB][#0076df 1.6GiB/3.6GiB(43%)][#e161cc 1.5GiB/2.8GiB(56%)]
[DL:1.1MiB][#0076df 1.6GiB/3.6GiB(43%)][#e161cc 1.5GiB/2.8GiB(56%)]
[DL:1.1MiB][#0076df 1.6GiB/3.6GiB(43%)][#e161cc 1.6GiB/2.8GiB(56%)]
[DL:0.9MiB][#0076df 1.6GiB/3.6GiB(43%)][#e161cc 1.6GiB/2.8GiB(56%)]
[DL:1.1MiB][#0076df 1.6GiB/3.6GiB(43%)][#e161cc 1.6GiB/2.8GiB(56%)]
[DL:1.1MiB][#0076df 1.6GiB/3.6GiB(43%)][#e161cc 1.6GiB/2.8GiB(56%)]
[DL:1.2MiB][#0076df 1.6GiB/3.6GiB(43%)][#e161cc 1.6GiB/2.8GiB(56%)]
[DL:1.1MiB][#0076df 1.6GiB/3.6GiB(43%)][#e161cc 1.6GiB/2.8GiB(56%)]
[DL:1.1MiB][#0076df 1.6GiB/3.6GiB(43%)][#e161cc 1.6GiB/2.8GiB(56%)]
[DL:1.1MiB][#0076df 1.6GiB/3.6GiB(43%)][#e161cc 1.6GiB/2.8GiB(56%)]
[DL:1.2MiB][#0076df 1.6GiB/3.6GiB(43%)][#e161cc 1.6GiB/2.8GiB(56%)]
[DL:1.1MiB][#0076df 1.6GiB/3.6GiB(43%)][#e161cc 1.6GiB/2.8GiB(56%)]
[DL:1.1MiB][#0076df 1.6GiB/3.6GiB(43%)][#e161cc 1.6GiB/2.8GiB(56%)]
[DL:0.9MiB][#0076df 1.6GiB/3.6GiB(43%)][#e161cc 1.6GiB/2.8GiB(56%)]
[DL:1.1MiB][#0076df 1.6GiB/3.6GiB(44%)][#e161cc 1.6GiB/2.8GiB(56%)]
[DL:1.1MiB][#0076df 1.6GiB/3.6GiB(44%)][#e161cc 1.6GiB/2.8GiB(56%)]
[DL:1.2MiB][#0076df 1.6GiB/3.6GiB(44%)][#e161cc 1.6GiB/2.8GiB(56%)]
[DL:1.1MiB][#0076df 1.6GiB/3.6GiB(44%)][#e161cc 1.6GiB/2.8GiB(56%)]
[DL:1.1MiB][#0076df 1.6GiB/3.6GiB(44%)][#e161cc 1.6GiB/2.8GiB(56%)]
[DL:1.1MiB][#0076df 1.6GiB/3.6GiB(44%)][#e161cc 1.6GiB/2.8GiB(56%)]
[DL:1.2MiB][#0076df 1.6GiB/3.6GiB(44%)][#e161cc 1.6GiB/2.8GiB(56%)]
[DL:1.1MiB][#0076df 1.6GiB/3.6GiB(44%)][#e161cc 1.6GiB/2.8GiB(56%)]
[DL:1.1MiB][#0076df 1.6GiB/3.6GiB(44%)][#e161cc 1.6GiB/2.8GiB(56%)]
[DL:0.9MiB][#0076df 1.6GiB/3.6GiB(44%)][#e161cc 1.6GiB/2.8GiB(56%)]
[DL:1.1MiB][#0076df 1.6GiB/3.6GiB(44%)][#e161cc 1.6GiB/2.8GiB(56%)]
[DL:1.2MiB][#0076df 1.6GiB/3.6GiB(44%)][#e161cc 1.6GiB/2.8GiB(56%)]
[DL:1.1MiB][#0076df 1.6GiB/3.6GiB(44%)][#e161cc 1.6GiB/2.8GiB(56%)]
[DL:1.1MiB][#0076df 1.6GiB/3.6GiB(44%)][#e161cc 1.6GiB/2.8GiB(56%)]
[DL:1.1MiB][#0076df 1.6GiB/3.6GiB(44%)][#e161cc 1.6GiB/2.8GiB(57%)]
[DL:1.1MiB][#0076df 1.6GiB/3.6GiB(44%)][#e161cc 1.6GiB/2.8GiB(57%)]
[DL:1.2MiB][#0076df 1.6GiB/3.6GiB(44%)][#e161cc 1.6GiB/2.8GiB(57%)]
[DL:1.1MiB][#0076df 1.6GiB/3.6GiB(44%)][#e161cc 1.6GiB/2.8GiB(57%)]
[DL:1.1MiB][#0076df 1.6GiB/3.6GiB(44%)][#e161cc 1.6GiB/2.8GiB(57%)]
[DL:0.9MiB][#0076df 1.6GiB/3.6GiB(44%)][#e161cc 1.6GiB/2.8GiB(57%)]
[DL:1.1MiB][#0076df 1.6GiB/3.6GiB(44%)][#e161cc 1.6GiB/2.8GiB(57%)]
[DL:1.2MiB][#0076df 1.6GiB/3.6GiB(44%)][#e161cc 1.6GiB/2.8GiB(57%)]
[DL:1.1MiB][#0076df 1.6GiB/3.6GiB(44%)][#e161cc 1.6GiB/2.8GiB(57%)]
[DL:1.1MiB][#0076df 1.6GiB/3.6GiB(44%)][#e161cc 1.6GiB/2.8GiB(57%)]
[DL:1.1MiB][#0076df 1.6GiB/3.6GiB(44%)][#e161cc 1.6GiB/2.8GiB(57%)]
[DL:1.1MiB][#0076df 1.6GiB/3.6GiB(44%)][#e161cc 1.6GiB/2.8GiB(57%)]
[DL:1.2MiB][#0076df 1.6GiB/3.6GiB(44%)][#e161cc 1.6GiB/2.8GiB(57%)]
[DL:1.1MiB][#0076df 1.6GiB/3.6GiB(44%)][#e161cc 1.6GiB/2.8GiB(57%)]
[DL:1.1MiB][#0076df 1.6GiB/3.6GiB(44%)][#e161cc 1.6GiB/2.8GiB(57%)]
[DL:0.9MiB][#0076df 1.6GiB/3.6GiB(44%)][#e161cc 1.6GiB/2.8GiB(57%)]
[DL:1.1MiB][#0076df 1.6GiB/3.6GiB(44%)][#e161cc 1.6GiB/2.8GiB(57%)]
 *** Download Progress Summary as of Sat Aug 15 23:23:02 2026 *** 
===============================================================================
[#0076df 1.6GiB/3.6GiB(44%) CN:1 DL:639KiB ETA:55m59s]
FILE: /srv/modelstripe/qwen/Qwen3.8-27B/6026d6bb4baa574f54205e2894816127bcf444bb4f727aa76a4fd3c90e810140
-------------------------------------------------------------------------------
[#e161cc 1.6GiB/2.8GiB(57%) CN:1 DL:632KiB ETA:33m22s]
FILE: /srv/modelstripe/qwen/Qwen3.8-27B/9c56e976ca79eb9ff5c91e64f51cdefb5f6b2651c96d8569df49033f79642d78
-------------------------------------------------------------------------------

